--------------------------------------------------------
--  File created - Monday-October-20-2025   
--------------------------------------------------------
--------------------------------------------------------
--  DDL for Sequence AGENCIJA_ORGANIZATOR_PK
--------------------------------------------------------

   CREATE SEQUENCE  "S19184"."AGENCIJA_ORGANIZATOR_PK"  MINVALUE 1 MAXVALUE 9999999999999999999999999999 INCREMENT BY 1 START WITH 91 NOCACHE  NOORDER  NOCYCLE   ;
--------------------------------------------------------
--  DDL for Sequence CLAN_PK
--------------------------------------------------------

   CREATE SEQUENCE  "S19184"."CLAN_PK"  MINVALUE 1 MAXVALUE 9999999999999999999999999999 INCREMENT BY 1 START WITH 51 NOCACHE  NOORDER  NOCYCLE   ;
--------------------------------------------------------
--  DDL for Sequence DOGADJAJ_PK
--------------------------------------------------------

   CREATE SEQUENCE  "S19184"."DOGADJAJ_PK"  MINVALUE 1 MAXVALUE 9999999999999999999999999999 INCREMENT BY 1 START WITH 127 NOCACHE  NOORDER  NOCYCLE   ;
--------------------------------------------------------
--  DDL for Sequence DOSTUPNOST_OPREME_PK
--------------------------------------------------------

   CREATE SEQUENCE  "S19184"."DOSTUPNOST_OPREME_PK"  MINVALUE 1 MAXVALUE 9999999999999999999999999999 INCREMENT BY 1 START WITH 74 NOCACHE  NOORDER  NOCYCLE   ;
--------------------------------------------------------
--  DDL for Sequence GRUPA_PK
--------------------------------------------------------

   CREATE SEQUENCE  "S19184"."GRUPA_PK"  MINVALUE 1 MAXVALUE 9999999999999999999999999999 INCREMENT BY 1 START WITH 47 NOCACHE  NOORDER  NOCYCLE   ;
--------------------------------------------------------
--  DDL for Sequence IZVODJAC_PK
--------------------------------------------------------

   CREATE SEQUENCE  "S19184"."IZVODJAC_PK"  MINVALUE 1 MAXVALUE 9999999999999999999999999999 INCREMENT BY 1 START WITH 124 NOCACHE  NOORDER  NOCYCLE   ;
--------------------------------------------------------
--  DDL for Sequence IZVODJAC_TEHNICKI_ZAHTEVI_PK
--------------------------------------------------------

   CREATE SEQUENCE  "S19184"."IZVODJAC_TEHNICKI_ZAHTEVI_PK"  MINVALUE 1 MAXVALUE 9999999999999999999999999999 INCREMENT BY 1 START WITH 5 NOCACHE  NOORDER  NOCYCLE   ;
--------------------------------------------------------
--  DDL for Sequence KONTAKT_PODACI_MENADZERSKE_PK
--------------------------------------------------------

   CREATE SEQUENCE  "S19184"."KONTAKT_PODACI_MENADZERSKE_PK"  MINVALUE 1 MAXVALUE 9999999999999999999999999999 INCREMENT BY 1 START WITH 38 NOCACHE  NOORDER  NOCYCLE   ;
--------------------------------------------------------
--  DDL for Sequence LOKACIJA_PK
--------------------------------------------------------

   CREATE SEQUENCE  "S19184"."LOKACIJA_PK"  MINVALUE 1 MAXVALUE 9999999999999999999999999999 INCREMENT BY 1 START WITH 215 NOCACHE  NOORDER  NOCYCLE   ;
--------------------------------------------------------
--  DDL for Sequence MENADZERSKA_AGENCIJA_PK
--------------------------------------------------------

   CREATE SEQUENCE  "S19184"."MENADZERSKA_AGENCIJA_PK"  MINVALUE 1 MAXVALUE 9999999999999999999999999999 INCREMENT BY 1 START WITH 77 NOCACHE  NOORDER  NOCYCLE   ;
--------------------------------------------------------
--  DDL for Sequence POSETILAC_PK
--------------------------------------------------------

   CREATE SEQUENCE  "S19184"."POSETILAC_PK"  MINVALUE 1 MAXVALUE 9999999999999999999999999999 INCREMENT BY 1 START WITH 161 NOCACHE  NOORDER  NOCYCLE   ;
--------------------------------------------------------
--  DDL for Sequence ULAZNICA_PK
--------------------------------------------------------

   CREATE SEQUENCE  "S19184"."ULAZNICA_PK"  MINVALUE 1 MAXVALUE 9999999999999999999999999999 INCREMENT BY 1 START WITH 94 NOCACHE  NOORDER  NOCYCLE   ;
--------------------------------------------------------
--  DDL for Sequence VIP_POGODNOSTI_PK
--------------------------------------------------------

   CREATE SEQUENCE  "S19184"."VIP_POGODNOSTI_PK"  MINVALUE 1 MAXVALUE 9999999999999999999999999999 INCREMENT BY 1 START WITH 1 NOCACHE  NOORDER  NOCYCLE   ;
--------------------------------------------------------
--  DDL for Sequence VISEDNEVNA_DANI_PK
--------------------------------------------------------

   CREATE SEQUENCE  "S19184"."VISEDNEVNA_DANI_PK"  MINVALUE 1 MAXVALUE 9999999999999999999999999999 INCREMENT BY 1 START WITH 1 NOCACHE  NOORDER  NOCYCLE   ;
--------------------------------------------------------
--  DDL for Sequence VOKALNE_SPOSOBNOSTI_PK
--------------------------------------------------------

   CREATE SEQUENCE  "S19184"."VOKALNE_SPOSOBNOSTI_PK"  MINVALUE 1 MAXVALUE 9999999999999999999999999999 INCREMENT BY 1 START WITH 5 NOCACHE  NOORDER  NOCYCLE   ;
--------------------------------------------------------
--  DDL for Sequence AGENCIJA_ORGANIZATOR_PK
--------------------------------------------------------

   CREATE SEQUENCE  "S19184"."AGENCIJA_ORGANIZATOR_PK"  MINVALUE 1 MAXVALUE 9999999999999999999999999999 INCREMENT BY 1 START WITH 91 NOCACHE  NOORDER  NOCYCLE   ;
--------------------------------------------------------
--  DDL for Sequence CLAN_PK
--------------------------------------------------------

   CREATE SEQUENCE  "S19184"."CLAN_PK"  MINVALUE 1 MAXVALUE 9999999999999999999999999999 INCREMENT BY 1 START WITH 51 NOCACHE  NOORDER  NOCYCLE   ;
--------------------------------------------------------
--  DDL for Sequence DOGADJAJ_PK
--------------------------------------------------------

   CREATE SEQUENCE  "S19184"."DOGADJAJ_PK"  MINVALUE 1 MAXVALUE 9999999999999999999999999999 INCREMENT BY 1 START WITH 127 NOCACHE  NOORDER  NOCYCLE   ;
--------------------------------------------------------
--  DDL for Sequence DOSTUPNOST_OPREME_PK
--------------------------------------------------------

   CREATE SEQUENCE  "S19184"."DOSTUPNOST_OPREME_PK"  MINVALUE 1 MAXVALUE 9999999999999999999999999999 INCREMENT BY 1 START WITH 74 NOCACHE  NOORDER  NOCYCLE   ;
--------------------------------------------------------
--  DDL for Sequence GRUPA_PK
--------------------------------------------------------

   CREATE SEQUENCE  "S19184"."GRUPA_PK"  MINVALUE 1 MAXVALUE 9999999999999999999999999999 INCREMENT BY 1 START WITH 47 NOCACHE  NOORDER  NOCYCLE   ;
--------------------------------------------------------
--  DDL for Sequence KONTAKT_PODACI_MENADZERSKE_PK
--------------------------------------------------------

   CREATE SEQUENCE  "S19184"."KONTAKT_PODACI_MENADZERSKE_PK"  MINVALUE 1 MAXVALUE 9999999999999999999999999999 INCREMENT BY 1 START WITH 38 NOCACHE  NOORDER  NOCYCLE   ;
--------------------------------------------------------
--  DDL for Sequence MENADZERSKA_AGENCIJA_PK
--------------------------------------------------------

   CREATE SEQUENCE  "S19184"."MENADZERSKA_AGENCIJA_PK"  MINVALUE 1 MAXVALUE 9999999999999999999999999999 INCREMENT BY 1 START WITH 77 NOCACHE  NOORDER  NOCYCLE   ;
--------------------------------------------------------
--  DDL for Sequence POSETILAC_PK
--------------------------------------------------------

   CREATE SEQUENCE  "S19184"."POSETILAC_PK"  MINVALUE 1 MAXVALUE 9999999999999999999999999999 INCREMENT BY 1 START WITH 161 NOCACHE  NOORDER  NOCYCLE   ;
--------------------------------------------------------
--  DDL for Table AGENCIJA_ORGANIZATOR
--------------------------------------------------------

  CREATE TABLE "S19184"."AGENCIJA_ORGANIZATOR" 
   (	"ID" NUMBER, 
	"NAZIV" VARCHAR2(100 BYTE), 
	"ADRESA" VARCHAR2(200 BYTE)
   ) SEGMENT CREATION IMMEDIATE 
  PCTFREE 10 PCTUSED 40 INITRANS 1 MAXTRANS 255 
 NOCOMPRESS LOGGING
  STORAGE(INITIAL 65536 NEXT 1048576 MINEXTENTS 1 MAXEXTENTS 2147483645
  PCTINCREASE 0 FREELISTS 1 FREELIST GROUPS 1
  BUFFER_POOL DEFAULT FLASH_CACHE DEFAULT CELL_FLASH_CACHE DEFAULT)
  TABLESPACE "STUDENTS" ;
--------------------------------------------------------
--  DDL for Table AKREDITACIJA
--------------------------------------------------------

  CREATE TABLE "S19184"."AKREDITACIJA" 
   (	"ID_ULAZNICE" NUMBER, 
	"TIP" VARCHAR2(20 BYTE)
   ) SEGMENT CREATION IMMEDIATE 
  PCTFREE 10 PCTUSED 40 INITRANS 1 MAXTRANS 255 
 NOCOMPRESS LOGGING
  STORAGE(INITIAL 65536 NEXT 1048576 MINEXTENTS 1 MAXEXTENTS 2147483645
  PCTINCREASE 0 FREELISTS 1 FREELIST GROUPS 1
  BUFFER_POOL DEFAULT FLASH_CACHE DEFAULT CELL_FLASH_CACHE DEFAULT)
  TABLESPACE "STUDENTS" ;
--------------------------------------------------------
--  DDL for Table BEND
--------------------------------------------------------

  CREATE TABLE "S19184"."BEND" 
   (	"ID" NUMBER, 
	"BROJ_CLANOVA" NUMBER
   ) SEGMENT CREATION IMMEDIATE 
  PCTFREE 10 PCTUSED 40 INITRANS 1 MAXTRANS 255 
 NOCOMPRESS LOGGING
  STORAGE(INITIAL 65536 NEXT 1048576 MINEXTENTS 1 MAXEXTENTS 2147483645
  PCTINCREASE 0 FREELISTS 1 FREELIST GROUPS 1
  BUFFER_POOL DEFAULT FLASH_CACHE DEFAULT CELL_FLASH_CACHE DEFAULT)
  TABLESPACE "STUDENTS" ;
--------------------------------------------------------
--  DDL for Table CLAN
--------------------------------------------------------

  CREATE TABLE "S19184"."CLAN" 
   (	"IME" VARCHAR2(50 BYTE), 
	"INSTRUMENT" VARCHAR2(50 BYTE), 
	"BEND_ID" NUMBER, 
	"CLAN_ID" NUMBER, 
	"ULOGA" VARCHAR2(20 BYTE)
   ) SEGMENT CREATION IMMEDIATE 
  PCTFREE 10 PCTUSED 40 INITRANS 1 MAXTRANS 255 
 NOCOMPRESS LOGGING
  STORAGE(INITIAL 65536 NEXT 1048576 MINEXTENTS 1 MAXEXTENTS 2147483645
  PCTINCREASE 0 FREELISTS 1 FREELIST GROUPS 1
  BUFFER_POOL DEFAULT FLASH_CACHE DEFAULT CELL_FLASH_CACHE DEFAULT)
  TABLESPACE "STUDENTS" ;
--------------------------------------------------------
--  DDL for Table DOGADJAJ
--------------------------------------------------------

  CREATE TABLE "S19184"."DOGADJAJ" 
   (	"ID" NUMBER, 
	"NAZIV" VARCHAR2(100 BYTE), 
	"TIP" VARCHAR2(50 BYTE), 
	"OPIS" VARCHAR2(200 BYTE), 
	"DATUM_VREME_POCETKA" DATE, 
	"DATUM_VREME_KRAJA" DATE, 
	"LOKACIJA_ID" NUMBER
   ) SEGMENT CREATION IMMEDIATE 
  PCTFREE 10 PCTUSED 40 INITRANS 1 MAXTRANS 255 
 NOCOMPRESS LOGGING
  STORAGE(INITIAL 65536 NEXT 1048576 MINEXTENTS 1 MAXEXTENTS 2147483645
  PCTINCREASE 0 FREELISTS 1 FREELIST GROUPS 1
  BUFFER_POOL DEFAULT FLASH_CACHE DEFAULT CELL_FLASH_CACHE DEFAULT)
  TABLESPACE "STUDENTS" ;
--------------------------------------------------------
--  DDL for Table DOSTUPNOST_OPREME
--------------------------------------------------------

  CREATE TABLE "S19184"."DOSTUPNOST_OPREME" 
   (	"NAZIV" VARCHAR2(20 BYTE), 
	"LOKACIJA_ID" NUMBER, 
	"ID" NUMBER
   ) SEGMENT CREATION IMMEDIATE 
  PCTFREE 10 PCTUSED 40 INITRANS 1 MAXTRANS 255 
 NOCOMPRESS LOGGING
  STORAGE(INITIAL 65536 NEXT 1048576 MINEXTENTS 1 MAXEXTENTS 2147483645
  PCTINCREASE 0 FREELISTS 1 FREELIST GROUPS 1
  BUFFER_POOL DEFAULT FLASH_CACHE DEFAULT CELL_FLASH_CACHE DEFAULT)
  TABLESPACE "STUDENTS" ;
--------------------------------------------------------
--  DDL for Table GRUPA
--------------------------------------------------------

  CREATE TABLE "S19184"."GRUPA" 
   (	"ID_GRUPE" NUMBER, 
	"NAZIV" VARCHAR2(50 BYTE), 
	"AGENCIJA_ORGANIZATOR_ID" NUMBER
   ) SEGMENT CREATION IMMEDIATE 
  PCTFREE 10 PCTUSED 40 INITRANS 1 MAXTRANS 255 
 NOCOMPRESS LOGGING
  STORAGE(INITIAL 65536 NEXT 1048576 MINEXTENTS 1 MAXEXTENTS 2147483645
  PCTINCREASE 0 FREELISTS 1 FREELIST GROUPS 1
  BUFFER_POOL DEFAULT FLASH_CACHE DEFAULT CELL_FLASH_CACHE DEFAULT)
  TABLESPACE "STUDENTS" ;
--------------------------------------------------------
--  DDL for Table IZVODJAC
--------------------------------------------------------

  CREATE TABLE "S19184"."IZVODJAC" 
   (	"IME" VARCHAR2(100 BYTE), 
	"DRZAVA_POREKLA" VARCHAR2(50 BYTE), 
	"EMAIL" VARCHAR2(100 BYTE), 
	"MENADZERSKA_AGENCIJA_ID" NUMBER, 
	"KONTAKT_OSOBA" VARCHAR2(100 BYTE), 
	"TELEFON" VARCHAR2(20 BYTE), 
	"ZANR" VARCHAR2(20 BYTE), 
	"ID" NUMBER, 
	"TIP_IZVODJACA" VARCHAR2(20 BYTE)
   ) SEGMENT CREATION IMMEDIATE 
  PCTFREE 10 PCTUSED 40 INITRANS 1 MAXTRANS 255 
 NOCOMPRESS LOGGING
  STORAGE(INITIAL 65536 NEXT 1048576 MINEXTENTS 1 MAXEXTENTS 2147483645
  PCTINCREASE 0 FREELISTS 1 FREELIST GROUPS 1
  BUFFER_POOL DEFAULT FLASH_CACHE DEFAULT CELL_FLASH_CACHE DEFAULT)
  TABLESPACE "STUDENTS" ;
--------------------------------------------------------
--  DDL for Table IZVODJAC_TEHNICKI_ZAHTEVI
--------------------------------------------------------

  CREATE TABLE "S19184"."IZVODJAC_TEHNICKI_ZAHTEVI" 
   (	"IZVODJAC_ID" NUMBER, 
	"ZAHTEV" VARCHAR2(200 BYTE)
   ) SEGMENT CREATION IMMEDIATE 
  PCTFREE 10 PCTUSED 40 INITRANS 1 MAXTRANS 255 
 NOCOMPRESS LOGGING
  STORAGE(INITIAL 65536 NEXT 1048576 MINEXTENTS 1 MAXEXTENTS 2147483645
  PCTINCREASE 0 FREELISTS 1 FREELIST GROUPS 1
  BUFFER_POOL DEFAULT FLASH_CACHE DEFAULT CELL_FLASH_CACHE DEFAULT)
  TABLESPACE "STUDENTS" ;
--------------------------------------------------------
--  DDL for Table JEDNODNEVNA
--------------------------------------------------------

  CREATE TABLE "S19184"."JEDNODNEVNA" 
   (	"ID_ULAZNICE" NUMBER, 
	"DAN_VAZENJA" DATE
   ) SEGMENT CREATION IMMEDIATE 
  PCTFREE 10 PCTUSED 40 INITRANS 1 MAXTRANS 255 
 NOCOMPRESS LOGGING
  STORAGE(INITIAL 65536 NEXT 1048576 MINEXTENTS 1 MAXEXTENTS 2147483645
  PCTINCREASE 0 FREELISTS 1 FREELIST GROUPS 1
  BUFFER_POOL DEFAULT FLASH_CACHE DEFAULT CELL_FLASH_CACHE DEFAULT)
  TABLESPACE "STUDENTS" ;
--------------------------------------------------------
--  DDL for Table KOMBINOVANA_LOKACIJA
--------------------------------------------------------

  CREATE TABLE "S19184"."KOMBINOVANA_LOKACIJA" 
   (	"ID" NUMBER, 
	"TIP_PROSTORA" VARCHAR2(20 BYTE), 
	"KLIMA" VARCHAR2(20 BYTE), 
	"DOSTUPNOST_SEDENJA" VARCHAR2(20 BYTE)
   ) SEGMENT CREATION IMMEDIATE 
  PCTFREE 10 PCTUSED 40 INITRANS 1 MAXTRANS 255 
 NOCOMPRESS LOGGING
  STORAGE(INITIAL 65536 NEXT 1048576 MINEXTENTS 1 MAXEXTENTS 2147483645
  PCTINCREASE 0 FREELISTS 1 FREELIST GROUPS 1
  BUFFER_POOL DEFAULT FLASH_CACHE DEFAULT CELL_FLASH_CACHE DEFAULT)
  TABLESPACE "STUDENTS" ;
--------------------------------------------------------
--  DDL for Table KONTAKT_PODACI_MENADZERSKE
--------------------------------------------------------

  CREATE TABLE "S19184"."KONTAKT_PODACI_MENADZERSKE" 
   (	"TIP_KONTAKTA" VARCHAR2(20 BYTE), 
	"VREDNOST" VARCHAR2(20 BYTE), 
	"MENADZERSKA_AGENCIJA_ID" NUMBER, 
	"ID" NUMBER
   ) SEGMENT CREATION IMMEDIATE 
  PCTFREE 10 PCTUSED 40 INITRANS 1 MAXTRANS 255 
 NOCOMPRESS LOGGING
  STORAGE(INITIAL 65536 NEXT 1048576 MINEXTENTS 1 MAXEXTENTS 2147483645
  PCTINCREASE 0 FREELISTS 1 FREELIST GROUPS 1
  BUFFER_POOL DEFAULT FLASH_CACHE DEFAULT CELL_FLASH_CACHE DEFAULT)
  TABLESPACE "STUDENTS" ;
--------------------------------------------------------
--  DDL for Table LOKACIJA
--------------------------------------------------------

  CREATE TABLE "S19184"."LOKACIJA" 
   (	"GPS_KOORDINATE" VARCHAR2(50 BYTE), 
	"NAZIV" VARCHAR2(50 BYTE), 
	"OPIS" VARCHAR2(200 BYTE), 
	"MAX_KAPACITET" NUMBER(*,0), 
	"TIP_LOKACIJE" VARCHAR2(20 BYTE), 
	"ID" NUMBER
   ) SEGMENT CREATION IMMEDIATE 
  PCTFREE 10 PCTUSED 40 INITRANS 1 MAXTRANS 255 
 NOCOMPRESS LOGGING
  STORAGE(INITIAL 65536 NEXT 1048576 MINEXTENTS 1 MAXEXTENTS 2147483645
  PCTINCREASE 0 FREELISTS 1 FREELIST GROUPS 1
  BUFFER_POOL DEFAULT FLASH_CACHE DEFAULT CELL_FLASH_CACHE DEFAULT)
  TABLESPACE "STUDENTS" ;
--------------------------------------------------------
--  DDL for Table MENADZERSKA_AGENCIJA
--------------------------------------------------------

  CREATE TABLE "S19184"."MENADZERSKA_AGENCIJA" 
   (	"ID" NUMBER, 
	"NAZIV" VARCHAR2(100 BYTE), 
	"ADRESA" VARCHAR2(200 BYTE), 
	"KONTAKT_OSOBA" VARCHAR2(100 BYTE)
   ) SEGMENT CREATION IMMEDIATE 
  PCTFREE 10 PCTUSED 40 INITRANS 1 MAXTRANS 255 
 NOCOMPRESS LOGGING
  STORAGE(INITIAL 65536 NEXT 1048576 MINEXTENTS 1 MAXEXTENTS 2147483645
  PCTINCREASE 0 FREELISTS 1 FREELIST GROUPS 1
  BUFFER_POOL DEFAULT FLASH_CACHE DEFAULT CELL_FLASH_CACHE DEFAULT)
  TABLESPACE "STUDENTS" ;
--------------------------------------------------------
--  DDL for Table NASTUPA
--------------------------------------------------------

  CREATE TABLE "S19184"."NASTUPA" 
   (	"DOGADJAJ_ID" NUMBER, 
	"IZVODJAC_ID" NUMBER
   ) SEGMENT CREATION IMMEDIATE 
  PCTFREE 10 PCTUSED 40 INITRANS 1 MAXTRANS 255 
 NOCOMPRESS LOGGING
  STORAGE(INITIAL 65536 NEXT 1048576 MINEXTENTS 1 MAXEXTENTS 2147483645
  PCTINCREASE 0 FREELISTS 1 FREELIST GROUPS 1
  BUFFER_POOL DEFAULT FLASH_CACHE DEFAULT CELL_FLASH_CACHE DEFAULT)
  TABLESPACE "STUDENTS" ;
--------------------------------------------------------
--  DDL for Table OTVORENA_LOKACIJA
--------------------------------------------------------

  CREATE TABLE "S19184"."OTVORENA_LOKACIJA" 
   (	"ID" NUMBER
   ) SEGMENT CREATION IMMEDIATE 
  PCTFREE 10 PCTUSED 40 INITRANS 1 MAXTRANS 255 
 NOCOMPRESS LOGGING
  STORAGE(INITIAL 65536 NEXT 1048576 MINEXTENTS 1 MAXEXTENTS 2147483645
  PCTINCREASE 0 FREELISTS 1 FREELIST GROUPS 1
  BUFFER_POOL DEFAULT FLASH_CACHE DEFAULT CELL_FLASH_CACHE DEFAULT)
  TABLESPACE "STUDENTS" ;
--------------------------------------------------------
--  DDL for Table POSETILAC
--------------------------------------------------------

  CREATE TABLE "S19184"."POSETILAC" 
   (	"ID" NUMBER, 
	"IME" VARCHAR2(50 BYTE), 
	"PREZIME" VARCHAR2(50 BYTE), 
	"EMAIL" VARCHAR2(100 BYTE), 
	"TELEFON" VARCHAR2(20 BYTE), 
	"GRUPA_ID" NUMBER
   ) SEGMENT CREATION IMMEDIATE 
  PCTFREE 10 PCTUSED 40 INITRANS 1 MAXTRANS 255 
 NOCOMPRESS LOGGING
  STORAGE(INITIAL 65536 NEXT 1048576 MINEXTENTS 1 MAXEXTENTS 2147483645
  PCTINCREASE 0 FREELISTS 1 FREELIST GROUPS 1
  BUFFER_POOL DEFAULT FLASH_CACHE DEFAULT CELL_FLASH_CACHE DEFAULT)
  TABLESPACE "STUDENTS" ;
--------------------------------------------------------
--  DDL for Table SOLO_UMETNIK
--------------------------------------------------------

  CREATE TABLE "S19184"."SOLO_UMETNIK" 
   (	"ID" NUMBER, 
	"SVIRA_INSTRUMENT" VARCHAR2(3 BYTE), 
	"TIP_INSTRUMENTA" VARCHAR2(50 BYTE)
   ) SEGMENT CREATION IMMEDIATE 
  PCTFREE 10 PCTUSED 40 INITRANS 1 MAXTRANS 255 
 NOCOMPRESS LOGGING
  STORAGE(INITIAL 65536 NEXT 1048576 MINEXTENTS 1 MAXEXTENTS 2147483645
  PCTINCREASE 0 FREELISTS 1 FREELIST GROUPS 1
  BUFFER_POOL DEFAULT FLASH_CACHE DEFAULT CELL_FLASH_CACHE DEFAULT)
  TABLESPACE "STUDENTS" ;
--------------------------------------------------------
--  DDL for Table ULAZNICA
--------------------------------------------------------

  CREATE TABLE "S19184"."ULAZNICA" 
   (	"DATUM_KUPOVINE" DATE, 
	"OSNOVNA_CENA" NUMBER(10,2), 
	"NACIN_PLACANJA" VARCHAR2(50 BYTE), 
	"DOGADJAJ_ID" NUMBER, 
	"TIP_ULAZNICE" VARCHAR2(20 BYTE), 
	"ID_ULAZNICE" NUMBER, 
	"KUPAC_ID" NUMBER
   ) SEGMENT CREATION IMMEDIATE 
  PCTFREE 10 PCTUSED 40 INITRANS 1 MAXTRANS 255 
 NOCOMPRESS LOGGING
  STORAGE(INITIAL 65536 NEXT 1048576 MINEXTENTS 1 MAXEXTENTS 2147483645
  PCTINCREASE 0 FREELISTS 1 FREELIST GROUPS 1
  BUFFER_POOL DEFAULT FLASH_CACHE DEFAULT CELL_FLASH_CACHE DEFAULT)
  TABLESPACE "STUDENTS" ;
--------------------------------------------------------
--  DDL for Table VIP
--------------------------------------------------------

  CREATE TABLE "S19184"."VIP" 
   (	"ID_ULAZNICE" NUMBER
   ) SEGMENT CREATION IMMEDIATE 
  PCTFREE 10 PCTUSED 40 INITRANS 1 MAXTRANS 255 
 NOCOMPRESS LOGGING
  STORAGE(INITIAL 65536 NEXT 1048576 MINEXTENTS 1 MAXEXTENTS 2147483645
  PCTINCREASE 0 FREELISTS 1 FREELIST GROUPS 1
  BUFFER_POOL DEFAULT FLASH_CACHE DEFAULT CELL_FLASH_CACHE DEFAULT)
  TABLESPACE "STUDENTS" ;
--------------------------------------------------------
--  DDL for Table VIP_POGODNOSTI
--------------------------------------------------------

  CREATE TABLE "S19184"."VIP_POGODNOSTI" 
   (	"ID_ULAZNICE" NUMBER, 
	"POGODNOST" VARCHAR2(100 BYTE)
   ) SEGMENT CREATION IMMEDIATE 
  PCTFREE 10 PCTUSED 40 INITRANS 1 MAXTRANS 255 
 NOCOMPRESS LOGGING
  STORAGE(INITIAL 65536 NEXT 1048576 MINEXTENTS 1 MAXEXTENTS 2147483645
  PCTINCREASE 0 FREELISTS 1 FREELIST GROUPS 1
  BUFFER_POOL DEFAULT FLASH_CACHE DEFAULT CELL_FLASH_CACHE DEFAULT)
  TABLESPACE "STUDENTS" ;
--------------------------------------------------------
--  DDL for Table VISEDNEVNA
--------------------------------------------------------

  CREATE TABLE "S19184"."VISEDNEVNA" 
   (	"ID_ULAZNICE" NUMBER, 
	"BROJ_DANA" NUMBER
   ) SEGMENT CREATION IMMEDIATE 
  PCTFREE 10 PCTUSED 40 INITRANS 1 MAXTRANS 255 
 NOCOMPRESS LOGGING
  STORAGE(INITIAL 65536 NEXT 1048576 MINEXTENTS 1 MAXEXTENTS 2147483645
  PCTINCREASE 0 FREELISTS 1 FREELIST GROUPS 1
  BUFFER_POOL DEFAULT FLASH_CACHE DEFAULT CELL_FLASH_CACHE DEFAULT)
  TABLESPACE "STUDENTS" ;
--------------------------------------------------------
--  DDL for Table VISEDNEVNA_DANI
--------------------------------------------------------

  CREATE TABLE "S19184"."VISEDNEVNA_DANI" 
   (	"ID_ULAZNICE" NUMBER, 
	"DAN_VAZENJA" DATE
   ) SEGMENT CREATION IMMEDIATE 
  PCTFREE 10 PCTUSED 40 INITRANS 1 MAXTRANS 255 
 NOCOMPRESS LOGGING
  STORAGE(INITIAL 65536 NEXT 1048576 MINEXTENTS 1 MAXEXTENTS 2147483645
  PCTINCREASE 0 FREELISTS 1 FREELIST GROUPS 1
  BUFFER_POOL DEFAULT FLASH_CACHE DEFAULT CELL_FLASH_CACHE DEFAULT)
  TABLESPACE "STUDENTS" ;
--------------------------------------------------------
--  DDL for Table VOKALNE_SPOSOBNOSTI
--------------------------------------------------------

  CREATE TABLE "S19184"."VOKALNE_SPOSOBNOSTI" 
   (	"ID_SOLOUMETNIK" NUMBER, 
	"NAZIV" VARCHAR2(20 BYTE)
   ) SEGMENT CREATION IMMEDIATE 
  PCTFREE 10 PCTUSED 40 INITRANS 1 MAXTRANS 255 
 NOCOMPRESS LOGGING
  STORAGE(INITIAL 65536 NEXT 1048576 MINEXTENTS 1 MAXEXTENTS 2147483645
  PCTINCREASE 0 FREELISTS 1 FREELIST GROUPS 1
  BUFFER_POOL DEFAULT FLASH_CACHE DEFAULT CELL_FLASH_CACHE DEFAULT)
  TABLESPACE "STUDENTS" ;
--------------------------------------------------------
--  DDL for Table ZATVORENA_LOKACIJA
--------------------------------------------------------

  CREATE TABLE "S19184"."ZATVORENA_LOKACIJA" 
   (	"TIP_PROSTORA" VARCHAR2(50 BYTE), 
	"KLIMA" VARCHAR2(50 BYTE) DEFAULT 'Ne', 
	"DOSTUPNOST_SEDENJA" VARCHAR2(50 BYTE), 
	"ID" NUMBER
   ) SEGMENT CREATION IMMEDIATE 
  PCTFREE 10 PCTUSED 40 INITRANS 1 MAXTRANS 255 
 NOCOMPRESS LOGGING
  STORAGE(INITIAL 65536 NEXT 1048576 MINEXTENTS 1 MAXEXTENTS 2147483645
  PCTINCREASE 0 FREELISTS 1 FREELIST GROUPS 1
  BUFFER_POOL DEFAULT FLASH_CACHE DEFAULT CELL_FLASH_CACHE DEFAULT)
  TABLESPACE "STUDENTS" ;
--------------------------------------------------------
--  DDL for Table ULAZNICA
--------------------------------------------------------

  CREATE TABLE "S19184"."ULAZNICA" 
   (	"DATUM_KUPOVINE" DATE, 
	"OSNOVNA_CENA" NUMBER(10,2), 
	"NACIN_PLACANJA" VARCHAR2(50 BYTE), 
	"DOGADJAJ_ID" NUMBER, 
	"TIP_ULAZNICE" VARCHAR2(20 BYTE), 
	"ID_ULAZNICE" NUMBER, 
	"KUPAC_ID" NUMBER
   ) SEGMENT CREATION IMMEDIATE 
  PCTFREE 10 PCTUSED 40 INITRANS 1 MAXTRANS 255 
 NOCOMPRESS LOGGING
  STORAGE(INITIAL 65536 NEXT 1048576 MINEXTENTS 1 MAXEXTENTS 2147483645
  PCTINCREASE 0 FREELISTS 1 FREELIST GROUPS 1
  BUFFER_POOL DEFAULT FLASH_CACHE DEFAULT CELL_FLASH_CACHE DEFAULT)
  TABLESPACE "STUDENTS" ;
--------------------------------------------------------
--  DDL for Table IZVODJAC
--------------------------------------------------------

  CREATE TABLE "S19184"."IZVODJAC" 
   (	"IME" VARCHAR2(100 BYTE), 
	"DRZAVA_POREKLA" VARCHAR2(50 BYTE), 
	"EMAIL" VARCHAR2(100 BYTE), 
	"MENADZERSKA_AGENCIJA_ID" NUMBER, 
	"KONTAKT_OSOBA" VARCHAR2(100 BYTE), 
	"TELEFON" VARCHAR2(20 BYTE), 
	"ZANR" VARCHAR2(20 BYTE), 
	"ID" NUMBER, 
	"TIP_IZVODJACA" VARCHAR2(20 BYTE)
   ) SEGMENT CREATION IMMEDIATE 
  PCTFREE 10 PCTUSED 40 INITRANS 1 MAXTRANS 255 
 NOCOMPRESS LOGGING
  STORAGE(INITIAL 65536 NEXT 1048576 MINEXTENTS 1 MAXEXTENTS 2147483645
  PCTINCREASE 0 FREELISTS 1 FREELIST GROUPS 1
  BUFFER_POOL DEFAULT FLASH_CACHE DEFAULT CELL_FLASH_CACHE DEFAULT)
  TABLESPACE "STUDENTS" ;
--------------------------------------------------------
--  DDL for Table BEND
--------------------------------------------------------

  CREATE TABLE "S19184"."BEND" 
   (	"ID" NUMBER, 
	"BROJ_CLANOVA" NUMBER
   ) SEGMENT CREATION IMMEDIATE 
  PCTFREE 10 PCTUSED 40 INITRANS 1 MAXTRANS 255 
 NOCOMPRESS LOGGING
  STORAGE(INITIAL 65536 NEXT 1048576 MINEXTENTS 1 MAXEXTENTS 2147483645
  PCTINCREASE 0 FREELISTS 1 FREELIST GROUPS 1
  BUFFER_POOL DEFAULT FLASH_CACHE DEFAULT CELL_FLASH_CACHE DEFAULT)
  TABLESPACE "STUDENTS" ;
--------------------------------------------------------
--  DDL for Table LOKACIJA
--------------------------------------------------------

  CREATE TABLE "S19184"."LOKACIJA" 
   (	"GPS_KOORDINATE" VARCHAR2(50 BYTE), 
	"NAZIV" VARCHAR2(50 BYTE), 
	"OPIS" VARCHAR2(200 BYTE), 
	"MAX_KAPACITET" NUMBER(*,0), 
	"TIP_LOKACIJE" VARCHAR2(20 BYTE), 
	"ID" NUMBER
   ) SEGMENT CREATION IMMEDIATE 
  PCTFREE 10 PCTUSED 40 INITRANS 1 MAXTRANS 255 
 NOCOMPRESS LOGGING
  STORAGE(INITIAL 65536 NEXT 1048576 MINEXTENTS 1 MAXEXTENTS 2147483645
  PCTINCREASE 0 FREELISTS 1 FREELIST GROUPS 1
  BUFFER_POOL DEFAULT FLASH_CACHE DEFAULT CELL_FLASH_CACHE DEFAULT)
  TABLESPACE "STUDENTS" ;
--------------------------------------------------------
--  DDL for Table AGENCIJA_ORGANIZATOR
--------------------------------------------------------

  CREATE TABLE "S19184"."AGENCIJA_ORGANIZATOR" 
   (	"ID" NUMBER, 
	"NAZIV" VARCHAR2(100 BYTE), 
	"ADRESA" VARCHAR2(200 BYTE)
   ) SEGMENT CREATION IMMEDIATE 
  PCTFREE 10 PCTUSED 40 INITRANS 1 MAXTRANS 255 
 NOCOMPRESS LOGGING
  STORAGE(INITIAL 65536 NEXT 1048576 MINEXTENTS 1 MAXEXTENTS 2147483645
  PCTINCREASE 0 FREELISTS 1 FREELIST GROUPS 1
  BUFFER_POOL DEFAULT FLASH_CACHE DEFAULT CELL_FLASH_CACHE DEFAULT)
  TABLESPACE "STUDENTS" ;
--------------------------------------------------------
--  DDL for Table MENADZERSKA_AGENCIJA
--------------------------------------------------------

  CREATE TABLE "S19184"."MENADZERSKA_AGENCIJA" 
   (	"ID" NUMBER, 
	"NAZIV" VARCHAR2(100 BYTE), 
	"ADRESA" VARCHAR2(200 BYTE), 
	"KONTAKT_OSOBA" VARCHAR2(100 BYTE)
   ) SEGMENT CREATION IMMEDIATE 
  PCTFREE 10 PCTUSED 40 INITRANS 1 MAXTRANS 255 
 NOCOMPRESS LOGGING
  STORAGE(INITIAL 65536 NEXT 1048576 MINEXTENTS 1 MAXEXTENTS 2147483645
  PCTINCREASE 0 FREELISTS 1 FREELIST GROUPS 1
  BUFFER_POOL DEFAULT FLASH_CACHE DEFAULT CELL_FLASH_CACHE DEFAULT)
  TABLESPACE "STUDENTS" ;
--------------------------------------------------------
--  DDL for Table DOGADJAJ
--------------------------------------------------------

  CREATE TABLE "S19184"."DOGADJAJ" 
   (	"ID" NUMBER, 
	"NAZIV" VARCHAR2(100 BYTE), 
	"TIP" VARCHAR2(50 BYTE), 
	"OPIS" VARCHAR2(200 BYTE), 
	"DATUM_VREME_POCETKA" DATE, 
	"DATUM_VREME_KRAJA" DATE, 
	"LOKACIJA_ID" NUMBER
   ) SEGMENT CREATION IMMEDIATE 
  PCTFREE 10 PCTUSED 40 INITRANS 1 MAXTRANS 255 
 NOCOMPRESS LOGGING
  STORAGE(INITIAL 65536 NEXT 1048576 MINEXTENTS 1 MAXEXTENTS 2147483645
  PCTINCREASE 0 FREELISTS 1 FREELIST GROUPS 1
  BUFFER_POOL DEFAULT FLASH_CACHE DEFAULT CELL_FLASH_CACHE DEFAULT)
  TABLESPACE "STUDENTS" ;
--------------------------------------------------------
--  DDL for Table GRUPA
--------------------------------------------------------

  CREATE TABLE "S19184"."GRUPA" 
   (	"ID_GRUPE" NUMBER, 
	"NAZIV" VARCHAR2(50 BYTE), 
	"AGENCIJA_ORGANIZATOR_ID" NUMBER
   ) SEGMENT CREATION IMMEDIATE 
  PCTFREE 10 PCTUSED 40 INITRANS 1 MAXTRANS 255 
 NOCOMPRESS LOGGING
  STORAGE(INITIAL 65536 NEXT 1048576 MINEXTENTS 1 MAXEXTENTS 2147483645
  PCTINCREASE 0 FREELISTS 1 FREELIST GROUPS 1
  BUFFER_POOL DEFAULT FLASH_CACHE DEFAULT CELL_FLASH_CACHE DEFAULT)
  TABLESPACE "STUDENTS" ;
--------------------------------------------------------
--  DDL for Table POSETILAC
--------------------------------------------------------

  CREATE TABLE "S19184"."POSETILAC" 
   (	"ID" NUMBER, 
	"IME" VARCHAR2(50 BYTE), 
	"PREZIME" VARCHAR2(50 BYTE), 
	"EMAIL" VARCHAR2(100 BYTE), 
	"TELEFON" VARCHAR2(20 BYTE), 
	"GRUPA_ID" NUMBER
   ) SEGMENT CREATION IMMEDIATE 
  PCTFREE 10 PCTUSED 40 INITRANS 1 MAXTRANS 255 
 NOCOMPRESS LOGGING
  STORAGE(INITIAL 65536 NEXT 1048576 MINEXTENTS 1 MAXEXTENTS 2147483645
  PCTINCREASE 0 FREELISTS 1 FREELIST GROUPS 1
  BUFFER_POOL DEFAULT FLASH_CACHE DEFAULT CELL_FLASH_CACHE DEFAULT)
  TABLESPACE "STUDENTS" ;
--------------------------------------------------------
--  DDL for Table VIP
--------------------------------------------------------

  CREATE TABLE "S19184"."VIP" 
   (	"ID_ULAZNICE" NUMBER
   ) SEGMENT CREATION IMMEDIATE 
  PCTFREE 10 PCTUSED 40 INITRANS 1 MAXTRANS 255 
 NOCOMPRESS LOGGING
  STORAGE(INITIAL 65536 NEXT 1048576 MINEXTENTS 1 MAXEXTENTS 2147483645
  PCTINCREASE 0 FREELISTS 1 FREELIST GROUPS 1
  BUFFER_POOL DEFAULT FLASH_CACHE DEFAULT CELL_FLASH_CACHE DEFAULT)
  TABLESPACE "STUDENTS" ;
--------------------------------------------------------
--  DDL for Table VISEDNEVNA
--------------------------------------------------------

  CREATE TABLE "S19184"."VISEDNEVNA" 
   (	"ID_ULAZNICE" NUMBER, 
	"BROJ_DANA" NUMBER
   ) SEGMENT CREATION IMMEDIATE 
  PCTFREE 10 PCTUSED 40 INITRANS 1 MAXTRANS 255 
 NOCOMPRESS LOGGING
  STORAGE(INITIAL 65536 NEXT 1048576 MINEXTENTS 1 MAXEXTENTS 2147483645
  PCTINCREASE 0 FREELISTS 1 FREELIST GROUPS 1
  BUFFER_POOL DEFAULT FLASH_CACHE DEFAULT CELL_FLASH_CACHE DEFAULT)
  TABLESPACE "STUDENTS" ;
--------------------------------------------------------
--  DDL for Table SOLO_UMETNIK
--------------------------------------------------------

  CREATE TABLE "S19184"."SOLO_UMETNIK" 
   (	"ID" NUMBER, 
	"SVIRA_INSTRUMENT" VARCHAR2(3 BYTE), 
	"TIP_INSTRUMENTA" VARCHAR2(50 BYTE)
   ) SEGMENT CREATION IMMEDIATE 
  PCTFREE 10 PCTUSED 40 INITRANS 1 MAXTRANS 255 
 NOCOMPRESS LOGGING
  STORAGE(INITIAL 65536 NEXT 1048576 MINEXTENTS 1 MAXEXTENTS 2147483645
  PCTINCREASE 0 FREELISTS 1 FREELIST GROUPS 1
  BUFFER_POOL DEFAULT FLASH_CACHE DEFAULT CELL_FLASH_CACHE DEFAULT)
  TABLESPACE "STUDENTS" ;
--------------------------------------------------------
--  DDL for Table AKREDITACIJA
--------------------------------------------------------

  CREATE TABLE "S19184"."AKREDITACIJA" 
   (	"ID_ULAZNICE" NUMBER, 
	"TIP" VARCHAR2(20 BYTE)
   ) SEGMENT CREATION IMMEDIATE 
  PCTFREE 10 PCTUSED 40 INITRANS 1 MAXTRANS 255 
 NOCOMPRESS LOGGING
  STORAGE(INITIAL 65536 NEXT 1048576 MINEXTENTS 1 MAXEXTENTS 2147483645
  PCTINCREASE 0 FREELISTS 1 FREELIST GROUPS 1
  BUFFER_POOL DEFAULT FLASH_CACHE DEFAULT CELL_FLASH_CACHE DEFAULT)
  TABLESPACE "STUDENTS" ;
--------------------------------------------------------
--  DDL for Table CLAN
--------------------------------------------------------

  CREATE TABLE "S19184"."CLAN" 
   (	"IME" VARCHAR2(50 BYTE), 
	"INSTRUMENT" VARCHAR2(50 BYTE), 
	"BEND_ID" NUMBER, 
	"CLAN_ID" NUMBER, 
	"ULOGA" VARCHAR2(20 BYTE)
   ) SEGMENT CREATION IMMEDIATE 
  PCTFREE 10 PCTUSED 40 INITRANS 1 MAXTRANS 255 
 NOCOMPRESS LOGGING
  STORAGE(INITIAL 65536 NEXT 1048576 MINEXTENTS 1 MAXEXTENTS 2147483645
  PCTINCREASE 0 FREELISTS 1 FREELIST GROUPS 1
  BUFFER_POOL DEFAULT FLASH_CACHE DEFAULT CELL_FLASH_CACHE DEFAULT)
  TABLESPACE "STUDENTS" ;
--------------------------------------------------------
--  DDL for Table DOSTUPNOST_OPREME
--------------------------------------------------------

  CREATE TABLE "S19184"."DOSTUPNOST_OPREME" 
   (	"NAZIV" VARCHAR2(20 BYTE), 
	"LOKACIJA_ID" NUMBER, 
	"ID" NUMBER
   ) SEGMENT CREATION IMMEDIATE 
  PCTFREE 10 PCTUSED 40 INITRANS 1 MAXTRANS 255 
 NOCOMPRESS LOGGING
  STORAGE(INITIAL 65536 NEXT 1048576 MINEXTENTS 1 MAXEXTENTS 2147483645
  PCTINCREASE 0 FREELISTS 1 FREELIST GROUPS 1
  BUFFER_POOL DEFAULT FLASH_CACHE DEFAULT CELL_FLASH_CACHE DEFAULT)
  TABLESPACE "STUDENTS" ;
--------------------------------------------------------
--  DDL for Table JEDNODNEVNA
--------------------------------------------------------

  CREATE TABLE "S19184"."JEDNODNEVNA" 
   (	"ID_ULAZNICE" NUMBER, 
	"DAN_VAZENJA" DATE
   ) SEGMENT CREATION IMMEDIATE 
  PCTFREE 10 PCTUSED 40 INITRANS 1 MAXTRANS 255 
 NOCOMPRESS LOGGING
  STORAGE(INITIAL 65536 NEXT 1048576 MINEXTENTS 1 MAXEXTENTS 2147483645
  PCTINCREASE 0 FREELISTS 1 FREELIST GROUPS 1
  BUFFER_POOL DEFAULT FLASH_CACHE DEFAULT CELL_FLASH_CACHE DEFAULT)
  TABLESPACE "STUDENTS" ;
--------------------------------------------------------
--  DDL for Table KOMBINOVANA_LOKACIJA
--------------------------------------------------------

  CREATE TABLE "S19184"."KOMBINOVANA_LOKACIJA" 
   (	"ID" NUMBER, 
	"TIP_PROSTORA" VARCHAR2(20 BYTE), 
	"KLIMA" VARCHAR2(20 BYTE), 
	"DOSTUPNOST_SEDENJA" VARCHAR2(20 BYTE)
   ) SEGMENT CREATION IMMEDIATE 
  PCTFREE 10 PCTUSED 40 INITRANS 1 MAXTRANS 255 
 NOCOMPRESS LOGGING
  STORAGE(INITIAL 65536 NEXT 1048576 MINEXTENTS 1 MAXEXTENTS 2147483645
  PCTINCREASE 0 FREELISTS 1 FREELIST GROUPS 1
  BUFFER_POOL DEFAULT FLASH_CACHE DEFAULT CELL_FLASH_CACHE DEFAULT)
  TABLESPACE "STUDENTS" ;
--------------------------------------------------------
--  DDL for Table KONTAKT_PODACI_MENADZERSKE
--------------------------------------------------------

  CREATE TABLE "S19184"."KONTAKT_PODACI_MENADZERSKE" 
   (	"TIP_KONTAKTA" VARCHAR2(20 BYTE), 
	"VREDNOST" VARCHAR2(20 BYTE), 
	"MENADZERSKA_AGENCIJA_ID" NUMBER, 
	"ID" NUMBER
   ) SEGMENT CREATION IMMEDIATE 
  PCTFREE 10 PCTUSED 40 INITRANS 1 MAXTRANS 255 
 NOCOMPRESS LOGGING
  STORAGE(INITIAL 65536 NEXT 1048576 MINEXTENTS 1 MAXEXTENTS 2147483645
  PCTINCREASE 0 FREELISTS 1 FREELIST GROUPS 1
  BUFFER_POOL DEFAULT FLASH_CACHE DEFAULT CELL_FLASH_CACHE DEFAULT)
  TABLESPACE "STUDENTS" ;
--------------------------------------------------------
--  DDL for Table NASTUPA
--------------------------------------------------------

  CREATE TABLE "S19184"."NASTUPA" 
   (	"DOGADJAJ_ID" NUMBER, 
	"IZVODJAC_ID" NUMBER
   ) SEGMENT CREATION IMMEDIATE 
  PCTFREE 10 PCTUSED 40 INITRANS 1 MAXTRANS 255 
 NOCOMPRESS LOGGING
  STORAGE(INITIAL 65536 NEXT 1048576 MINEXTENTS 1 MAXEXTENTS 2147483645
  PCTINCREASE 0 FREELISTS 1 FREELIST GROUPS 1
  BUFFER_POOL DEFAULT FLASH_CACHE DEFAULT CELL_FLASH_CACHE DEFAULT)
  TABLESPACE "STUDENTS" ;
--------------------------------------------------------
--  DDL for Table OTVORENA_LOKACIJA
--------------------------------------------------------

  CREATE TABLE "S19184"."OTVORENA_LOKACIJA" 
   (	"ID" NUMBER
   ) SEGMENT CREATION IMMEDIATE 
  PCTFREE 10 PCTUSED 40 INITRANS 1 MAXTRANS 255 
 NOCOMPRESS LOGGING
  STORAGE(INITIAL 65536 NEXT 1048576 MINEXTENTS 1 MAXEXTENTS 2147483645
  PCTINCREASE 0 FREELISTS 1 FREELIST GROUPS 1
  BUFFER_POOL DEFAULT FLASH_CACHE DEFAULT CELL_FLASH_CACHE DEFAULT)
  TABLESPACE "STUDENTS" ;
--------------------------------------------------------
--  DDL for Table VIP_POGODNOSTI
--------------------------------------------------------

  CREATE TABLE "S19184"."VIP_POGODNOSTI" 
   (	"ID_ULAZNICE" NUMBER, 
	"POGODNOST" VARCHAR2(100 BYTE)
   ) SEGMENT CREATION IMMEDIATE 
  PCTFREE 10 PCTUSED 40 INITRANS 1 MAXTRANS 255 
 NOCOMPRESS LOGGING
  STORAGE(INITIAL 65536 NEXT 1048576 MINEXTENTS 1 MAXEXTENTS 2147483645
  PCTINCREASE 0 FREELISTS 1 FREELIST GROUPS 1
  BUFFER_POOL DEFAULT FLASH_CACHE DEFAULT CELL_FLASH_CACHE DEFAULT)
  TABLESPACE "STUDENTS" ;
--------------------------------------------------------
--  DDL for Table VISEDNEVNA_DANI
--------------------------------------------------------

  CREATE TABLE "S19184"."VISEDNEVNA_DANI" 
   (	"ID_ULAZNICE" NUMBER, 
	"DAN_VAZENJA" DATE
   ) SEGMENT CREATION IMMEDIATE 
  PCTFREE 10 PCTUSED 40 INITRANS 1 MAXTRANS 255 
 NOCOMPRESS LOGGING
  STORAGE(INITIAL 65536 NEXT 1048576 MINEXTENTS 1 MAXEXTENTS 2147483645
  PCTINCREASE 0 FREELISTS 1 FREELIST GROUPS 1
  BUFFER_POOL DEFAULT FLASH_CACHE DEFAULT CELL_FLASH_CACHE DEFAULT)
  TABLESPACE "STUDENTS" ;
--------------------------------------------------------
--  DDL for Table VOKALNE_SPOSOBNOSTI
--------------------------------------------------------

  CREATE TABLE "S19184"."VOKALNE_SPOSOBNOSTI" 
   (	"ID_SOLOUMETNIK" NUMBER, 
	"NAZIV" VARCHAR2(20 BYTE)
   ) SEGMENT CREATION IMMEDIATE 
  PCTFREE 10 PCTUSED 40 INITRANS 1 MAXTRANS 255 
 NOCOMPRESS LOGGING
  STORAGE(INITIAL 65536 NEXT 1048576 MINEXTENTS 1 MAXEXTENTS 2147483645
  PCTINCREASE 0 FREELISTS 1 FREELIST GROUPS 1
  BUFFER_POOL DEFAULT FLASH_CACHE DEFAULT CELL_FLASH_CACHE DEFAULT)
  TABLESPACE "STUDENTS" ;
--------------------------------------------------------
--  DDL for Table ZATVORENA_LOKACIJA
--------------------------------------------------------

  CREATE TABLE "S19184"."ZATVORENA_LOKACIJA" 
   (	"TIP_PROSTORA" VARCHAR2(50 BYTE), 
	"KLIMA" VARCHAR2(50 BYTE) DEFAULT 'Ne', 
	"DOSTUPNOST_SEDENJA" VARCHAR2(50 BYTE), 
	"ID" NUMBER
   ) SEGMENT CREATION IMMEDIATE 
  PCTFREE 10 PCTUSED 40 INITRANS 1 MAXTRANS 255 
 NOCOMPRESS LOGGING
  STORAGE(INITIAL 65536 NEXT 1048576 MINEXTENTS 1 MAXEXTENTS 2147483645
  PCTINCREASE 0 FREELISTS 1 FREELIST GROUPS 1
  BUFFER_POOL DEFAULT FLASH_CACHE DEFAULT CELL_FLASH_CACHE DEFAULT)
  TABLESPACE "STUDENTS" ;
REM INSERTING into S19184.AGENCIJA_ORGANIZATOR
SET DEFINE OFF;
Insert into S19184.AGENCIJA_ORGANIZATOR (ID,NAZIV,ADRESA) values (87,'Nova Agencija','Ulica Slobode 123, Beograd');
Insert into S19184.AGENCIJA_ORGANIZATOR (ID,NAZIV,ADRESA) values (88,'Stari Grad','Novi Beograd 45, Beograd');
Insert into S19184.AGENCIJA_ORGANIZATOR (ID,NAZIV,ADRESA) values (89,'Top Agencija','Toplica 12A, Kragujevac');
Insert into S19184.AGENCIJA_ORGANIZATOR (ID,NAZIV,ADRESA) values (90,'Music World','Bulevar Kralja Aleksandra 150, Novi Sad');
REM INSERTING into S19184.AKREDITACIJA
SET DEFINE OFF;
Insert into S19184.AKREDITACIJA (ID_ULAZNICE,TIP) values (92,'PRESS');
Insert into S19184.AKREDITACIJA (ID_ULAZNICE,TIP) values (93,'PARTNER');
REM INSERTING into S19184.BEND
SET DEFINE OFF;
Insert into S19184.BEND (ID,BROJ_CLANOVA) values (113,5);
Insert into S19184.BEND (ID,BROJ_CLANOVA) values (115,6);
Insert into S19184.BEND (ID,BROJ_CLANOVA) values (119,4);
Insert into S19184.BEND (ID,BROJ_CLANOVA) values (123,7);
REM INSERTING into S19184.CLAN
SET DEFINE OFF;
Insert into S19184.CLAN (IME,INSTRUMENT,BEND_ID,CLAN_ID,ULOGA) values ('Marko Jovanović','Gitara',113,29,'Vođa benda');
Insert into S19184.CLAN (IME,INSTRUMENT,BEND_ID,CLAN_ID,ULOGA) values ('Nikola Petrović','Bubnjevi',113,30,'Bubnjar');
Insert into S19184.CLAN (IME,INSTRUMENT,BEND_ID,CLAN_ID,ULOGA) values ('Stefan Ilić','Bas gitara',113,31,'Basista');
Insert into S19184.CLAN (IME,INSTRUMENT,BEND_ID,CLAN_ID,ULOGA) values ('Luka Pavlović','Klavijature',113,32,'Klavijaturista');
Insert into S19184.CLAN (IME,INSTRUMENT,BEND_ID,CLAN_ID,ULOGA) values ('Filip Lazić','Vokal',113,33,'Pevač');
Insert into S19184.CLAN (IME,INSTRUMENT,BEND_ID,CLAN_ID,ULOGA) values ('Aleksa Vuković','Gitara',115,34,'Vođa benda');
Insert into S19184.CLAN (IME,INSTRUMENT,BEND_ID,CLAN_ID,ULOGA) values ('Petar Savić','Bas gitara',115,35,'Basista');
Insert into S19184.CLAN (IME,INSTRUMENT,BEND_ID,CLAN_ID,ULOGA) values ('Miloš Radovanović','Bubnjevi',115,36,'Bubnjar');
Insert into S19184.CLAN (IME,INSTRUMENT,BEND_ID,CLAN_ID,ULOGA) values ('Vladimir Živković','Klavijature',115,37,'Klavijaturista');
Insert into S19184.CLAN (IME,INSTRUMENT,BEND_ID,CLAN_ID,ULOGA) values ('Ivan Ristić','Vokal',115,38,'Pevač');
Insert into S19184.CLAN (IME,INSTRUMENT,BEND_ID,CLAN_ID,ULOGA) values ('Jovan Pavlović','Gitara',115,39,'Ritmičar');
Insert into S19184.CLAN (IME,INSTRUMENT,BEND_ID,CLAN_ID,ULOGA) values ('Nemanja Đorđević','Gitara',119,40,'Vođa benda');
Insert into S19184.CLAN (IME,INSTRUMENT,BEND_ID,CLAN_ID,ULOGA) values ('Milan Kovačević','Bas gitara',119,41,'Basista');
Insert into S19184.CLAN (IME,INSTRUMENT,BEND_ID,CLAN_ID,ULOGA) values ('Nikola Ilić','Bubnjevi',119,42,'Bubnjar');
Insert into S19184.CLAN (IME,INSTRUMENT,BEND_ID,CLAN_ID,ULOGA) values ('Uroš Jovanović','Vokal',119,43,'Pevač');
Insert into S19184.CLAN (IME,INSTRUMENT,BEND_ID,CLAN_ID,ULOGA) values ('Andrej Stanković','Vokal',123,44,'Vođa benda');
Insert into S19184.CLAN (IME,INSTRUMENT,BEND_ID,CLAN_ID,ULOGA) values ('Lazar Petrović','Gitara',123,45,'Ritmičar');
Insert into S19184.CLAN (IME,INSTRUMENT,BEND_ID,CLAN_ID,ULOGA) values ('Filip Janković','Bas gitara',123,46,'Basista');
Insert into S19184.CLAN (IME,INSTRUMENT,BEND_ID,CLAN_ID,ULOGA) values ('Marko Lukić','Klavijature',123,47,'Klavijaturista');
Insert into S19184.CLAN (IME,INSTRUMENT,BEND_ID,CLAN_ID,ULOGA) values ('Ognjen Vasiljević','Bubnjevi',123,48,'Bubnjar');
Insert into S19184.CLAN (IME,INSTRUMENT,BEND_ID,CLAN_ID,ULOGA) values ('Vuk Radojević','Gitara',123,49,'Solo gitarista');
Insert into S19184.CLAN (IME,INSTRUMENT,BEND_ID,CLAN_ID,ULOGA) values ('Mihajlo Nikolić','Saksofon',123,50,'Prateći muzičar');
REM INSERTING into S19184.DOGADJAJ
SET DEFINE OFF;
Insert into S19184.DOGADJAJ (ID,NAZIV,TIP,OPIS,DATUM_VREME_POCETKA,DATUM_VREME_KRAJA,LOKACIJA_ID) values (124,'Music Production Workshop','Radionica',null,to_date('11/07/25','DD/MM/RR'),to_date('11/07/25','DD/MM/RR'),211);
Insert into S19184.DOGADJAJ (ID,NAZIV,TIP,OPIS,DATUM_VREME_POCETKA,DATUM_VREME_KRAJA,LOKACIJA_ID) values (125,'Sunset DJ Session','Muzicki nastup','Večernji set uz zalazak sunca i chill atmosferu',to_date('20/07/25','DD/MM/RR'),to_date('20/07/25','DD/MM/RR'),213);
Insert into S19184.DOGADJAJ (ID,NAZIV,TIP,OPIS,DATUM_VREME_POCETKA,DATUM_VREME_KRAJA,LOKACIJA_ID) values (126,'Fan MeetGreet','Interaktivni sadrzaj',null,to_date('13/07/25','DD/MM/RR'),to_date('13/07/25','DD/MM/RR'),210);
Insert into S19184.DOGADJAJ (ID,NAZIV,TIP,OPIS,DATUM_VREME_POCETKA,DATUM_VREME_KRAJA,LOKACIJA_ID) values (114,'Exit Festival','Muzicki nastup','Najpoznatiji festival u regionu',to_date('10/07/25','DD/MM/RR'),to_date('14/07/25','DD/MM/RR'),206);
Insert into S19184.DOGADJAJ (ID,NAZIV,TIP,OPIS,DATUM_VREME_POCETKA,DATUM_VREME_KRAJA,LOKACIJA_ID) values (116,'Beer Fest','Muzicki nastup','Najveći letnji festival piva i muzike u Beogradu',to_date('15/08/25','DD/MM/RR'),to_date('19/08/25','DD/MM/RR'),208);
Insert into S19184.DOGADJAJ (ID,NAZIV,TIP,OPIS,DATUM_VREME_POCETKA,DATUM_VREME_KRAJA,LOKACIJA_ID) values (117,'BeoFest','Muzicki nastup','Najveći muzički festival u centru Beograda sa raznovrsnim izvođačima',to_date('05/09/25','DD/MM/RR'),to_date('08/09/25','DD/MM/RR'),209);
Insert into S19184.DOGADJAJ (ID,NAZIV,TIP,OPIS,DATUM_VREME_POCETKA,DATUM_VREME_KRAJA,LOKACIJA_ID) values (122,'Public Jam Session','Interaktivni sadrzaj',null,to_date('13/07/25','DD/MM/RR'),to_date('13/07/25','DD/MM/RR'),211);
Insert into S19184.DOGADJAJ (ID,NAZIV,TIP,OPIS,DATUM_VREME_POCETKA,DATUM_VREME_KRAJA,LOKACIJA_ID) values (123,'Aftermovie Screening','Drugi',null,to_date('14/07/25','DD/MM/RR'),to_date('14/07/25','DD/MM/RR'),210);
REM INSERTING into S19184.DOSTUPNOST_OPREME
SET DEFINE OFF;
Insert into S19184.DOSTUPNOST_OPREME (NAZIV,LOKACIJA_ID,ID) values ('Ozvucenje',208,68);
Insert into S19184.DOSTUPNOST_OPREME (NAZIV,LOKACIJA_ID,ID) values ('Reflektori',208,69);
Insert into S19184.DOSTUPNOST_OPREME (NAZIV,LOKACIJA_ID,ID) values ('Mikrofoni',211,70);
Insert into S19184.DOSTUPNOST_OPREME (NAZIV,LOKACIJA_ID,ID) values ('Projektor',211,71);
Insert into S19184.DOSTUPNOST_OPREME (NAZIV,LOKACIJA_ID,ID) values ('Mix pult',210,72);
Insert into S19184.DOSTUPNOST_OPREME (NAZIV,LOKACIJA_ID,ID) values ('Scenska rasveta',210,73);
REM INSERTING into S19184.GRUPA
SET DEFINE OFF;
Insert into S19184.GRUPA (ID_GRUPE,NAZIV,AGENCIJA_ORGANIZATOR_ID) values (43,'Blues Grupa',88);
Insert into S19184.GRUPA (ID_GRUPE,NAZIV,AGENCIJA_ORGANIZATOR_ID) values (42,'Classical Grupa',87);
Insert into S19184.GRUPA (ID_GRUPE,NAZIV,AGENCIJA_ORGANIZATOR_ID) values (45,'Electronic Grupa',89);
Insert into S19184.GRUPA (ID_GRUPE,NAZIV,AGENCIJA_ORGANIZATOR_ID) values (44,'Folk Grupa',88);
Insert into S19184.GRUPA (ID_GRUPE,NAZIV,AGENCIJA_ORGANIZATOR_ID) values (46,'Indie Grupa',89);
Insert into S19184.GRUPA (ID_GRUPE,NAZIV,AGENCIJA_ORGANIZATOR_ID) values (41,'Jazz Grupa',87);
Insert into S19184.GRUPA (ID_GRUPE,NAZIV,AGENCIJA_ORGANIZATOR_ID) values (40,'Pop Grupa 2',90);
Insert into S19184.GRUPA (ID_GRUPE,NAZIV,AGENCIJA_ORGANIZATOR_ID) values (39,'Rock Grupa',90);
REM INSERTING into S19184.IZVODJAC
SET DEFINE OFF;
Insert into S19184.IZVODJAC (IME,DRZAVA_POREKLA,EMAIL,MENADZERSKA_AGENCIJA_ID,KONTAKT_OSOBA,TELEFON,ZANR,ID,TIP_IZVODJACA) values ('The Sound Breakers','Srbija','soundbreakers@soundwave.com',68,'Petar Petrović','0612345678','Rock',113,'BEND');
Insert into S19184.IZVODJAC (IME,DRZAVA_POREKLA,EMAIL,MENADZERSKA_AGENCIJA_ID,KONTAKT_OSOBA,TELEFON,ZANR,ID,TIP_IZVODJACA) values ('Nevena Kovač','Srbija','nevena.kovac@starline.com',69,null,null,null,114,'SOLO_UMETNIK');
Insert into S19184.IZVODJAC (IME,DRZAVA_POREKLA,EMAIL,MENADZERSKA_AGENCIJA_ID,KONTAKT_OSOBA,TELEFON,ZANR,ID,TIP_IZVODJACA) values ('Fusion Beats','Srbija','fusionbeats@livebeat.rs',75,'Sara Ilić',null,null,115,'BEND');
Insert into S19184.IZVODJAC (IME,DRZAVA_POREKLA,EMAIL,MENADZERSKA_AGENCIJA_ID,KONTAKT_OSOBA,TELEFON,ZANR,ID,TIP_IZVODJACA) values ('The Electric Suns','CG','electricsuns@beatzone.me',70,'Lazar Vuković','0631167876','Elektronska',119,'BEND');
Insert into S19184.IZVODJAC (IME,DRZAVA_POREKLA,EMAIL,MENADZERSKA_AGENCIJA_ID,KONTAKT_OSOBA,TELEFON,ZANR,ID,TIP_IZVODJACA) values ('Ana Petrović','Srbija','ana.petrovic@harmonia.rs',73,null,'0649988779',null,121,'SOLO_UMETNIK');
Insert into S19184.IZVODJAC (IME,DRZAVA_POREKLA,EMAIL,MENADZERSKA_AGENCIJA_ID,KONTAKT_OSOBA,TELEFON,ZANR,ID,TIP_IZVODJACA) values ('Dunja Jovanović','Srbija','dunja.jovanovic@soundwave.rs',68,null,null,null,122,'SOLO_UMETNIK');
Insert into S19184.IZVODJAC (IME,DRZAVA_POREKLA,EMAIL,MENADZERSKA_AGENCIJA_ID,KONTAKT_OSOBA,TELEFON,ZANR,ID,TIP_IZVODJACA) values ('The Rhythm Crew','Hrvatska','therhythmcrew@echohouse.hr',74,null,null,'Funk',123,'BEND');
REM INSERTING into S19184.IZVODJAC_TEHNICKI_ZAHTEVI
SET DEFINE OFF;
Insert into S19184.IZVODJAC_TEHNICKI_ZAHTEVI (IZVODJAC_ID,ZAHTEV) values (113,'Potrebna gitarska oprema i dodatno ozvucenje');
Insert into S19184.IZVODJAC_TEHNICKI_ZAHTEVI (IZVODJAC_ID,ZAHTEV) values (114,'Klavir i jedan mikrofon na bini');
Insert into S19184.IZVODJAC_TEHNICKI_ZAHTEVI (IZVODJAC_ID,ZAHTEV) values (115,'Bubnjevi i ozvucenje za tri vokala');
Insert into S19184.IZVODJAC_TEHNICKI_ZAHTEVI (IZVODJAC_ID,ZAHTEV) values (119,'Potrebni dodatni kablovi i svetlosni efekti');
Insert into S19184.IZVODJAC_TEHNICKI_ZAHTEVI (IZVODJAC_ID,ZAHTEV) values (121,'Klavir i vokalni mikrofon sa stalkom');
Insert into S19184.IZVODJAC_TEHNICKI_ZAHTEVI (IZVODJAC_ID,ZAHTEV) values (122,'Ozvucenje za akusticni nastup i dva mikrofona');
Insert into S19184.IZVODJAC_TEHNICKI_ZAHTEVI (IZVODJAC_ID,ZAHTEV) values (123,'Kompletna funk postava sa dodatnim ozvucenjem');
REM INSERTING into S19184.JEDNODNEVNA
SET DEFINE OFF;
Insert into S19184.JEDNODNEVNA (ID_ULAZNICE,DAN_VAZENJA) values (85,to_date('16/08/25','DD/MM/RR'));
Insert into S19184.JEDNODNEVNA (ID_ULAZNICE,DAN_VAZENJA) values (87,to_date('11/07/25','DD/MM/RR'));
Insert into S19184.JEDNODNEVNA (ID_ULAZNICE,DAN_VAZENJA) values (90,to_date('20/07/25','DD/MM/RR'));
REM INSERTING into S19184.KOMBINOVANA_LOKACIJA
SET DEFINE OFF;
Insert into S19184.KOMBINOVANA_LOKACIJA (ID,TIP_PROSTORA,KLIMA,DOSTUPNOST_SEDENJA) values (208,'Hala na otvorenom','Da','Delimična');
Insert into S19184.KOMBINOVANA_LOKACIJA (ID,TIP_PROSTORA,KLIMA,DOSTUPNOST_SEDENJA) values (211,'Amfiteatar','Da','Da');
REM INSERTING into S19184.KONTAKT_PODACI_MENADZERSKE
SET DEFINE OFF;
Insert into S19184.KONTAKT_PODACI_MENADZERSKE (TIP_KONTAKTA,VREDNOST,MENADZERSKA_AGENCIJA_ID,ID) values ('EMAIL','soundwave@email.com',68,27);
Insert into S19184.KONTAKT_PODACI_MENADZERSKE (TIP_KONTAKTA,VREDNOST,MENADZERSKA_AGENCIJA_ID,ID) values ('TELEFON','0612345678',68,28);
Insert into S19184.KONTAKT_PODACI_MENADZERSKE (TIP_KONTAKTA,VREDNOST,MENADZERSKA_AGENCIJA_ID,ID) values ('EMAIL','starline@artists.com',69,29);
Insert into S19184.KONTAKT_PODACI_MENADZERSKE (TIP_KONTAKTA,VREDNOST,MENADZERSKA_AGENCIJA_ID,ID) values ('TELEFON','0628765432',70,30);
Insert into S19184.KONTAKT_PODACI_MENADZERSKE (TIP_KONTAKTA,VREDNOST,MENADZERSKA_AGENCIJA_ID,ID) values ('EMAIL','urban.note@agency.rs',72,31);
Insert into S19184.KONTAKT_PODACI_MENADZERSKE (TIP_KONTAKTA,VREDNOST,MENADZERSKA_AGENCIJA_ID,ID) values ('TELEFON','0639988776',72,32);
Insert into S19184.KONTAKT_PODACI_MENADZERSKE (TIP_KONTAKTA,VREDNOST,MENADZERSKA_AGENCIJA_ID,ID) values ('TELEFON','0645566778',73,33);
Insert into S19184.KONTAKT_PODACI_MENADZERSKE (TIP_KONTAKTA,VREDNOST,MENADZERSKA_AGENCIJA_ID,ID) values ('EMAIL','echo@talenthouse.rs',74,34);
Insert into S19184.KONTAKT_PODACI_MENADZERSKE (TIP_KONTAKTA,VREDNOST,MENADZERSKA_AGENCIJA_ID,ID) values ('TELEFON','0653344556',74,35);
Insert into S19184.KONTAKT_PODACI_MENADZERSKE (TIP_KONTAKTA,VREDNOST,MENADZERSKA_AGENCIJA_ID,ID) values ('EMAIL','livebeat@prod.rs',75,36);
Insert into S19184.KONTAKT_PODACI_MENADZERSKE (TIP_KONTAKTA,VREDNOST,MENADZERSKA_AGENCIJA_ID,ID) values ('TELEFON','0661122334',76,37);
REM INSERTING into S19184.LOKACIJA
SET DEFINE OFF;
Insert into S19184.LOKACIJA (GPS_KOORDINATE,NAZIV,OPIS,MAX_KAPACITET,TIP_LOKACIJE,ID) values ('45.2672, 19.8335','EXIT','Najveći festival',20000,'OTVORENA',206);
Insert into S19184.LOKACIJA (GPS_KOORDINATE,NAZIV,OPIS,MAX_KAPACITET,TIP_LOKACIJE,ID) values ('45.8131, 15.9780','Beer Fest','Festival srece i muzike',30000,'KOMBINOVANA',208);
Insert into S19184.LOKACIJA (GPS_KOORDINATE,NAZIV,OPIS,MAX_KAPACITET,TIP_LOKACIJE,ID) values ('44.8176, 20.4633','BeoFest','Najveći muzički festival u Beogradu, koji se održava svake godine u centru grada',25000,'OTVORENA',209);
Insert into S19184.LOKACIJA (GPS_KOORDINATE,NAZIV,OPIS,MAX_KAPACITET,TIP_LOKACIJE,ID) values ('44.0643, 20.8987','Sport Arena','Prostrana arena koja se koristi za razne sportske manifestacije, od fudbalskih do košarkaških mečeva',15000,'ZATVORENA',210);
Insert into S19184.LOKACIJA (GPS_KOORDINATE,NAZIV,OPIS,MAX_KAPACITET,TIP_LOKACIJE,ID) values ('45.2672, 19.8328','Cultural Fest','Kulturni festival sa izložbama, koncertima i pozorišnim predstavama',5000,'KOMBINOVANA',211);
Insert into S19184.LOKACIJA (GPS_KOORDINATE,NAZIV,OPIS,MAX_KAPACITET,TIP_LOKACIJE,ID) values ('45.2600, 19.8420','Sunset Party','Žurka na otvorenom sa vrhunskom muzikom, savršenom atmosferom i prelepim zalaskom sunca',10000,'OTVORENA',213);
REM INSERTING into S19184.MENADZERSKA_AGENCIJA
SET DEFINE OFF;
Insert into S19184.MENADZERSKA_AGENCIJA (ID,NAZIV,ADRESA,KONTAKT_OSOBA) values (68,'SoundWave Management','Kralja Milana 45, Beograd','Petar Petrović');
Insert into S19184.MENADZERSKA_AGENCIJA (ID,NAZIV,ADRESA,KONTAKT_OSOBA) values (69,'StarLine Artists','Njegoševa 12, Novi Sad','Marija Ilić');
Insert into S19184.MENADZERSKA_AGENCIJA (ID,NAZIV,ADRESA,KONTAKT_OSOBA) values (70,'BeatZone Agency','Cara Dušana 88, Niš','Luka Nikolić');
Insert into S19184.MENADZERSKA_AGENCIJA (ID,NAZIV,ADRESA,KONTAKT_OSOBA) values (72,'Urban Note Agency','Zmaj Jovina 25, Novi Sad','Teodora Vasić');
Insert into S19184.MENADZERSKA_AGENCIJA (ID,NAZIV,ADRESA,KONTAKT_OSOBA) values (73,'Harmonia Events','Nikole Pašića 5, Niš','Miloš Milenković');
Insert into S19184.MENADZERSKA_AGENCIJA (ID,NAZIV,ADRESA,KONTAKT_OSOBA) values (74,'Echo Talent House','Masarikova 33, Subotica','Katarina Ristić');
Insert into S19184.MENADZERSKA_AGENCIJA (ID,NAZIV,ADRESA,KONTAKT_OSOBA) values (75,'LiveBeat Productions','Glavna 74, Pančevo','Aleksandar Pavlović');
Insert into S19184.MENADZERSKA_AGENCIJA (ID,NAZIV,ADRESA,KONTAKT_OSOBA) values (76,'StageCraft Agency','Ulica Branka Radičevića 14, Novi Pazar','Ivana Kostić');
REM INSERTING into S19184.NASTUPA
SET DEFINE OFF;
Insert into S19184.NASTUPA (DOGADJAJ_ID,IZVODJAC_ID) values (114,113);
Insert into S19184.NASTUPA (DOGADJAJ_ID,IZVODJAC_ID) values (114,115);
Insert into S19184.NASTUPA (DOGADJAJ_ID,IZVODJAC_ID) values (114,119);
Insert into S19184.NASTUPA (DOGADJAJ_ID,IZVODJAC_ID) values (114,123);
Insert into S19184.NASTUPA (DOGADJAJ_ID,IZVODJAC_ID) values (116,113);
Insert into S19184.NASTUPA (DOGADJAJ_ID,IZVODJAC_ID) values (116,115);
Insert into S19184.NASTUPA (DOGADJAJ_ID,IZVODJAC_ID) values (116,121);
Insert into S19184.NASTUPA (DOGADJAJ_ID,IZVODJAC_ID) values (117,114);
Insert into S19184.NASTUPA (DOGADJAJ_ID,IZVODJAC_ID) values (117,119);
Insert into S19184.NASTUPA (DOGADJAJ_ID,IZVODJAC_ID) values (117,123);
Insert into S19184.NASTUPA (DOGADJAJ_ID,IZVODJAC_ID) values (122,121);
Insert into S19184.NASTUPA (DOGADJAJ_ID,IZVODJAC_ID) values (122,122);
Insert into S19184.NASTUPA (DOGADJAJ_ID,IZVODJAC_ID) values (123,113);
Insert into S19184.NASTUPA (DOGADJAJ_ID,IZVODJAC_ID) values (123,114);
Insert into S19184.NASTUPA (DOGADJAJ_ID,IZVODJAC_ID) values (123,115);
Insert into S19184.NASTUPA (DOGADJAJ_ID,IZVODJAC_ID) values (123,119);
Insert into S19184.NASTUPA (DOGADJAJ_ID,IZVODJAC_ID) values (124,114);
Insert into S19184.NASTUPA (DOGADJAJ_ID,IZVODJAC_ID) values (125,115);
Insert into S19184.NASTUPA (DOGADJAJ_ID,IZVODJAC_ID) values (125,119);
Insert into S19184.NASTUPA (DOGADJAJ_ID,IZVODJAC_ID) values (126,113);
Insert into S19184.NASTUPA (DOGADJAJ_ID,IZVODJAC_ID) values (126,123);
REM INSERTING into S19184.OTVORENA_LOKACIJA
SET DEFINE OFF;
Insert into S19184.OTVORENA_LOKACIJA (ID) values (206);
Insert into S19184.OTVORENA_LOKACIJA (ID) values (209);
Insert into S19184.OTVORENA_LOKACIJA (ID) values (213);
REM INSERTING into S19184.POSETILAC
SET DEFINE OFF;
Insert into S19184.POSETILAC (ID,IME,PREZIME,EMAIL,TELEFON,GRUPA_ID) values (151,'Marko','Markovic','marko.markovic@email.com','0621234567',39);
Insert into S19184.POSETILAC (ID,IME,PREZIME,EMAIL,TELEFON,GRUPA_ID) values (155,'Jovana','Jovanovic','jovana.jovanovic@email.com','0639876543',39);
Insert into S19184.POSETILAC (ID,IME,PREZIME,EMAIL,TELEFON,GRUPA_ID) values (156,'Nikola','Nikolic','nikola.nikolic@email.com','0651122334',40);
Insert into S19184.POSETILAC (ID,IME,PREZIME,EMAIL,TELEFON,GRUPA_ID) values (157,'Ana','Anic','ana.anic@email.com','0642233445',40);
Insert into S19184.POSETILAC (ID,IME,PREZIME,EMAIL,TELEFON,GRUPA_ID) values (158,'Marija','Matic','marija.matic@email.com','0698765432',null);
Insert into S19184.POSETILAC (ID,IME,PREZIME,EMAIL,TELEFON,GRUPA_ID) values (159,'Stefan','Stefanovic','stefan.stefanovic@email.com','0612233445',null);
Insert into S19184.POSETILAC (ID,IME,PREZIME,EMAIL,TELEFON,GRUPA_ID) values (160,'Teodora','Todorovic','teodora.todorovic@email.com','0678876543',null);
REM INSERTING into S19184.SOLO_UMETNIK
SET DEFINE OFF;
Insert into S19184.SOLO_UMETNIK (ID,SVIRA_INSTRUMENT,TIP_INSTRUMENTA) values (114,'DA','Klavir');
Insert into S19184.SOLO_UMETNIK (ID,SVIRA_INSTRUMENT,TIP_INSTRUMENTA) values (121,'NE',null);
Insert into S19184.SOLO_UMETNIK (ID,SVIRA_INSTRUMENT,TIP_INSTRUMENTA) values (122,'DA','Gitara');
REM INSERTING into S19184.ULAZNICA
SET DEFINE OFF;
Insert into S19184.ULAZNICA (DATUM_KUPOVINE,OSNOVNA_CENA,NACIN_PLACANJA,DOGADJAJ_ID,TIP_ULAZNICE,ID_ULAZNICE,KUPAC_ID) values (to_date('20/06/25','DD/MM/RR'),7500,'Online',114,'VISEDNEVNA',84,151);
Insert into S19184.ULAZNICA (DATUM_KUPOVINE,OSNOVNA_CENA,NACIN_PLACANJA,DOGADJAJ_ID,TIP_ULAZNICE,ID_ULAZNICE,KUPAC_ID) values (to_date('10/08/25','DD/MM/RR'),2500,'Kartica',116,'JEDNODNEVNA',85,155);
Insert into S19184.ULAZNICA (DATUM_KUPOVINE,OSNOVNA_CENA,NACIN_PLACANJA,DOGADJAJ_ID,TIP_ULAZNICE,ID_ULAZNICE,KUPAC_ID) values (to_date('09/07/25','DD/MM/RR'),500,'Online',122,'AKREDITACIJA',92,158);
Insert into S19184.ULAZNICA (DATUM_KUPOVINE,OSNOVNA_CENA,NACIN_PLACANJA,DOGADJAJ_ID,TIP_ULAZNICE,ID_ULAZNICE,KUPAC_ID) values (to_date('09/07/25','DD/MM/RR'),380,'Online',122,'AKREDITACIJA',93,159);
Insert into S19184.ULAZNICA (DATUM_KUPOVINE,OSNOVNA_CENA,NACIN_PLACANJA,DOGADJAJ_ID,TIP_ULAZNICE,ID_ULAZNICE,KUPAC_ID) values (to_date('25/08/25','DD/MM/RR'),9500,'Gotovina',117,'VIP',86,156);
Insert into S19184.ULAZNICA (DATUM_KUPOVINE,OSNOVNA_CENA,NACIN_PLACANJA,DOGADJAJ_ID,TIP_ULAZNICE,ID_ULAZNICE,KUPAC_ID) values (to_date('08/07/25','DD/MM/RR'),2000,'Kartica',124,'JEDNODNEVNA',87,157);
Insert into S19184.ULAZNICA (DATUM_KUPOVINE,OSNOVNA_CENA,NACIN_PLACANJA,DOGADJAJ_ID,TIP_ULAZNICE,ID_ULAZNICE,KUPAC_ID) values (to_date('18/07/25','DD/MM/RR'),3500,'Kartica',125,'JEDNODNEVNA',90,160);
REM INSERTING into S19184.VIP
SET DEFINE OFF;
Insert into S19184.VIP (ID_ULAZNICE) values (86);
REM INSERTING into S19184.VIP_POGODNOSTI
SET DEFINE OFF;
Insert into S19184.VIP_POGODNOSTI (ID_ULAZNICE,POGODNOST) values (86,'Backstage');
Insert into S19184.VIP_POGODNOSTI (ID_ULAZNICE,POGODNOST) values (86,'Besplatna konzumacija pića');
Insert into S19184.VIP_POGODNOSTI (ID_ULAZNICE,POGODNOST) values (86,'Sedenje u VIP loži');
REM INSERTING into S19184.VISEDNEVNA
SET DEFINE OFF;
Insert into S19184.VISEDNEVNA (ID_ULAZNICE,BROJ_DANA) values (84,5);
REM INSERTING into S19184.VISEDNEVNA_DANI
SET DEFINE OFF;
Insert into S19184.VISEDNEVNA_DANI (ID_ULAZNICE,DAN_VAZENJA) values (84,to_date('10/07/25','DD/MM/RR'));
Insert into S19184.VISEDNEVNA_DANI (ID_ULAZNICE,DAN_VAZENJA) values (84,to_date('11/07/25','DD/MM/RR'));
Insert into S19184.VISEDNEVNA_DANI (ID_ULAZNICE,DAN_VAZENJA) values (84,to_date('12/07/25','DD/MM/RR'));
Insert into S19184.VISEDNEVNA_DANI (ID_ULAZNICE,DAN_VAZENJA) values (84,to_date('13/07/25','DD/MM/RR'));
Insert into S19184.VISEDNEVNA_DANI (ID_ULAZNICE,DAN_VAZENJA) values (84,to_date('14/07/25','DD/MM/RR'));
REM INSERTING into S19184.VOKALNE_SPOSOBNOSTI
SET DEFINE OFF;
Insert into S19184.VOKALNE_SPOSOBNOSTI (ID_SOLOUMETNIK,NAZIV) values (114,'Sopran');
Insert into S19184.VOKALNE_SPOSOBNOSTI (ID_SOLOUMETNIK,NAZIV) values (121,'Tenor');
Insert into S19184.VOKALNE_SPOSOBNOSTI (ID_SOLOUMETNIK,NAZIV) values (122,'Alt');
REM INSERTING into S19184.ZATVORENA_LOKACIJA
SET DEFINE OFF;
Insert into S19184.ZATVORENA_LOKACIJA (TIP_PROSTORA,KLIMA,DOSTUPNOST_SEDENJA,ID) values ('Sportska arena','Da','Da',210);
--------------------------------------------------------
--  DDL for Index CLAN_PK
--------------------------------------------------------

  CREATE UNIQUE INDEX "S19184"."CLAN_PK" ON "S19184"."CLAN" ("CLAN_ID") 
  PCTFREE 10 INITRANS 2 MAXTRANS 255 COMPUTE STATISTICS 
  STORAGE(INITIAL 65536 NEXT 1048576 MINEXTENTS 1 MAXEXTENTS 2147483645
  PCTINCREASE 0 FREELISTS 1 FREELIST GROUPS 1
  BUFFER_POOL DEFAULT FLASH_CACHE DEFAULT CELL_FLASH_CACHE DEFAULT)
  TABLESPACE "STUDENTS" ;
--------------------------------------------------------
--  DDL for Index DOSTUPNOST_OPREME_PK
--------------------------------------------------------

  CREATE UNIQUE INDEX "S19184"."DOSTUPNOST_OPREME_PK" ON "S19184"."DOSTUPNOST_OPREME" ("ID") 
  PCTFREE 10 INITRANS 2 MAXTRANS 255 COMPUTE STATISTICS 
  STORAGE(INITIAL 65536 NEXT 1048576 MINEXTENTS 1 MAXEXTENTS 2147483645
  PCTINCREASE 0 FREELISTS 1 FREELIST GROUPS 1
  BUFFER_POOL DEFAULT FLASH_CACHE DEFAULT CELL_FLASH_CACHE DEFAULT)
  TABLESPACE "STUDENTS" ;
--------------------------------------------------------
--  DDL for Index IZVODJAC_PK
--------------------------------------------------------

  CREATE UNIQUE INDEX "S19184"."IZVODJAC_PK" ON "S19184"."IZVODJAC" ("ID") 
  PCTFREE 10 INITRANS 2 MAXTRANS 255 COMPUTE STATISTICS 
  STORAGE(INITIAL 65536 NEXT 1048576 MINEXTENTS 1 MAXEXTENTS 2147483645
  PCTINCREASE 0 FREELISTS 1 FREELIST GROUPS 1
  BUFFER_POOL DEFAULT FLASH_CACHE DEFAULT CELL_FLASH_CACHE DEFAULT)
  TABLESPACE "STUDENTS" ;
--------------------------------------------------------
--  DDL for Index KOMBINOVANA_LOKACIJA_PK
--------------------------------------------------------

  CREATE UNIQUE INDEX "S19184"."KOMBINOVANA_LOKACIJA_PK" ON "S19184"."KOMBINOVANA_LOKACIJA" ("ID") 
  PCTFREE 10 INITRANS 2 MAXTRANS 255 COMPUTE STATISTICS 
  STORAGE(INITIAL 65536 NEXT 1048576 MINEXTENTS 1 MAXEXTENTS 2147483645
  PCTINCREASE 0 FREELISTS 1 FREELIST GROUPS 1
  BUFFER_POOL DEFAULT FLASH_CACHE DEFAULT CELL_FLASH_CACHE DEFAULT)
  TABLESPACE "STUDENTS" ;
--------------------------------------------------------
--  DDL for Index KONTAKT_PODACI_MENADZERSKE_PK
--------------------------------------------------------

  CREATE UNIQUE INDEX "S19184"."KONTAKT_PODACI_MENADZERSKE_PK" ON "S19184"."KONTAKT_PODACI_MENADZERSKE" ("ID") 
  PCTFREE 10 INITRANS 2 MAXTRANS 255 COMPUTE STATISTICS 
  STORAGE(INITIAL 65536 NEXT 1048576 MINEXTENTS 1 MAXEXTENTS 2147483645
  PCTINCREASE 0 FREELISTS 1 FREELIST GROUPS 1
  BUFFER_POOL DEFAULT FLASH_CACHE DEFAULT CELL_FLASH_CACHE DEFAULT)
  TABLESPACE "STUDENTS" ;
--------------------------------------------------------
--  DDL for Index LOKACIJA_PK
--------------------------------------------------------

  CREATE UNIQUE INDEX "S19184"."LOKACIJA_PK" ON "S19184"."LOKACIJA" ("ID") 
  PCTFREE 10 INITRANS 2 MAXTRANS 255 COMPUTE STATISTICS 
  STORAGE(INITIAL 65536 NEXT 1048576 MINEXTENTS 1 MAXEXTENTS 2147483645
  PCTINCREASE 0 FREELISTS 1 FREELIST GROUPS 1
  BUFFER_POOL DEFAULT FLASH_CACHE DEFAULT CELL_FLASH_CACHE DEFAULT)
  TABLESPACE "STUDENTS" ;
--------------------------------------------------------
--  DDL for Index OTVORENA_LOKACIJA_PK
--------------------------------------------------------

  CREATE UNIQUE INDEX "S19184"."OTVORENA_LOKACIJA_PK" ON "S19184"."OTVORENA_LOKACIJA" ("ID") 
  PCTFREE 10 INITRANS 2 MAXTRANS 255 COMPUTE STATISTICS 
  STORAGE(INITIAL 65536 NEXT 1048576 MINEXTENTS 1 MAXEXTENTS 2147483645
  PCTINCREASE 0 FREELISTS 1 FREELIST GROUPS 1
  BUFFER_POOL DEFAULT FLASH_CACHE DEFAULT CELL_FLASH_CACHE DEFAULT)
  TABLESPACE "STUDENTS" ;
--------------------------------------------------------
--  DDL for Index PK_AGENCIJA_ORGANIZATOR
--------------------------------------------------------

  CREATE UNIQUE INDEX "S19184"."PK_AGENCIJA_ORGANIZATOR" ON "S19184"."AGENCIJA_ORGANIZATOR" ("ID") 
  PCTFREE 10 INITRANS 2 MAXTRANS 255 COMPUTE STATISTICS 
  STORAGE(INITIAL 65536 NEXT 1048576 MINEXTENTS 1 MAXEXTENTS 2147483645
  PCTINCREASE 0 FREELISTS 1 FREELIST GROUPS 1
  BUFFER_POOL DEFAULT FLASH_CACHE DEFAULT CELL_FLASH_CACHE DEFAULT)
  TABLESPACE "STUDENTS" ;
--------------------------------------------------------
--  DDL for Index PK_AKREDITACIJA
--------------------------------------------------------

  CREATE UNIQUE INDEX "S19184"."PK_AKREDITACIJA" ON "S19184"."AKREDITACIJA" ("ID_ULAZNICE") 
  PCTFREE 10 INITRANS 2 MAXTRANS 255 COMPUTE STATISTICS 
  STORAGE(INITIAL 65536 NEXT 1048576 MINEXTENTS 1 MAXEXTENTS 2147483645
  PCTINCREASE 0 FREELISTS 1 FREELIST GROUPS 1
  BUFFER_POOL DEFAULT FLASH_CACHE DEFAULT CELL_FLASH_CACHE DEFAULT)
  TABLESPACE "STUDENTS" ;
--------------------------------------------------------
--  DDL for Index PK_BEND
--------------------------------------------------------

  CREATE UNIQUE INDEX "S19184"."PK_BEND" ON "S19184"."BEND" ("ID") 
  PCTFREE 10 INITRANS 2 MAXTRANS 255 COMPUTE STATISTICS 
  STORAGE(INITIAL 65536 NEXT 1048576 MINEXTENTS 1 MAXEXTENTS 2147483645
  PCTINCREASE 0 FREELISTS 1 FREELIST GROUPS 1
  BUFFER_POOL DEFAULT FLASH_CACHE DEFAULT CELL_FLASH_CACHE DEFAULT)
  TABLESPACE "STUDENTS" ;
--------------------------------------------------------
--  DDL for Index PK_CLAN
--------------------------------------------------------

  CREATE UNIQUE INDEX "S19184"."PK_CLAN" ON "S19184"."CLAN" ("IME", "INSTRUMENT", "BEND_ID") 
  PCTFREE 10 INITRANS 2 MAXTRANS 255 COMPUTE STATISTICS 
  STORAGE(INITIAL 65536 NEXT 1048576 MINEXTENTS 1 MAXEXTENTS 2147483645
  PCTINCREASE 0 FREELISTS 1 FREELIST GROUPS 1
  BUFFER_POOL DEFAULT FLASH_CACHE DEFAULT CELL_FLASH_CACHE DEFAULT)
  TABLESPACE "STUDENTS" ;
--------------------------------------------------------
--  DDL for Index PK_DOGADJAJ
--------------------------------------------------------

  CREATE UNIQUE INDEX "S19184"."PK_DOGADJAJ" ON "S19184"."DOGADJAJ" ("ID") 
  PCTFREE 10 INITRANS 2 MAXTRANS 255 COMPUTE STATISTICS 
  STORAGE(INITIAL 65536 NEXT 1048576 MINEXTENTS 1 MAXEXTENTS 2147483645
  PCTINCREASE 0 FREELISTS 1 FREELIST GROUPS 1
  BUFFER_POOL DEFAULT FLASH_CACHE DEFAULT CELL_FLASH_CACHE DEFAULT)
  TABLESPACE "STUDENTS" ;
--------------------------------------------------------
--  DDL for Index PK_GRUPA
--------------------------------------------------------

  CREATE UNIQUE INDEX "S19184"."PK_GRUPA" ON "S19184"."GRUPA" ("ID_GRUPE") 
  PCTFREE 10 INITRANS 2 MAXTRANS 255 COMPUTE STATISTICS 
  STORAGE(INITIAL 65536 NEXT 1048576 MINEXTENTS 1 MAXEXTENTS 2147483645
  PCTINCREASE 0 FREELISTS 1 FREELIST GROUPS 1
  BUFFER_POOL DEFAULT FLASH_CACHE DEFAULT CELL_FLASH_CACHE DEFAULT)
  TABLESPACE "STUDENTS" ;
--------------------------------------------------------
--  DDL for Index PK_JEDNODNEVNA
--------------------------------------------------------

  CREATE UNIQUE INDEX "S19184"."PK_JEDNODNEVNA" ON "S19184"."JEDNODNEVNA" ("ID_ULAZNICE") 
  PCTFREE 10 INITRANS 2 MAXTRANS 255 COMPUTE STATISTICS 
  STORAGE(INITIAL 65536 NEXT 1048576 MINEXTENTS 1 MAXEXTENTS 2147483645
  PCTINCREASE 0 FREELISTS 1 FREELIST GROUPS 1
  BUFFER_POOL DEFAULT FLASH_CACHE DEFAULT CELL_FLASH_CACHE DEFAULT)
  TABLESPACE "STUDENTS" ;
--------------------------------------------------------
--  DDL for Index PK_MENADZERSKA_AGENCIJA
--------------------------------------------------------

  CREATE UNIQUE INDEX "S19184"."PK_MENADZERSKA_AGENCIJA" ON "S19184"."MENADZERSKA_AGENCIJA" ("ID") 
  PCTFREE 10 INITRANS 2 MAXTRANS 255 COMPUTE STATISTICS 
  STORAGE(INITIAL 65536 NEXT 1048576 MINEXTENTS 1 MAXEXTENTS 2147483645
  PCTINCREASE 0 FREELISTS 1 FREELIST GROUPS 1
  BUFFER_POOL DEFAULT FLASH_CACHE DEFAULT CELL_FLASH_CACHE DEFAULT)
  TABLESPACE "STUDENTS" ;
--------------------------------------------------------
--  DDL for Index PK_NASTUPA
--------------------------------------------------------

  CREATE UNIQUE INDEX "S19184"."PK_NASTUPA" ON "S19184"."NASTUPA" ("DOGADJAJ_ID", "IZVODJAC_ID") 
  PCTFREE 10 INITRANS 2 MAXTRANS 255 COMPUTE STATISTICS 
  STORAGE(INITIAL 65536 NEXT 1048576 MINEXTENTS 1 MAXEXTENTS 2147483645
  PCTINCREASE 0 FREELISTS 1 FREELIST GROUPS 1
  BUFFER_POOL DEFAULT FLASH_CACHE DEFAULT CELL_FLASH_CACHE DEFAULT)
  TABLESPACE "STUDENTS" ;
--------------------------------------------------------
--  DDL for Index PK_POSETILAC
--------------------------------------------------------

  CREATE UNIQUE INDEX "S19184"."PK_POSETILAC" ON "S19184"."POSETILAC" ("ID") 
  PCTFREE 10 INITRANS 2 MAXTRANS 255 COMPUTE STATISTICS 
  STORAGE(INITIAL 65536 NEXT 1048576 MINEXTENTS 1 MAXEXTENTS 2147483645
  PCTINCREASE 0 FREELISTS 1 FREELIST GROUPS 1
  BUFFER_POOL DEFAULT FLASH_CACHE DEFAULT CELL_FLASH_CACHE DEFAULT)
  TABLESPACE "STUDENTS" ;
--------------------------------------------------------
--  DDL for Index PK_SOLO_UMETNIK
--------------------------------------------------------

  CREATE UNIQUE INDEX "S19184"."PK_SOLO_UMETNIK" ON "S19184"."SOLO_UMETNIK" ("ID") 
  PCTFREE 10 INITRANS 2 MAXTRANS 255 COMPUTE STATISTICS 
  STORAGE(INITIAL 65536 NEXT 1048576 MINEXTENTS 1 MAXEXTENTS 2147483645
  PCTINCREASE 0 FREELISTS 1 FREELIST GROUPS 1
  BUFFER_POOL DEFAULT FLASH_CACHE DEFAULT CELL_FLASH_CACHE DEFAULT)
  TABLESPACE "STUDENTS" ;
--------------------------------------------------------
--  DDL for Index PK_VIP
--------------------------------------------------------

  CREATE UNIQUE INDEX "S19184"."PK_VIP" ON "S19184"."VIP" ("ID_ULAZNICE") 
  PCTFREE 10 INITRANS 2 MAXTRANS 255 COMPUTE STATISTICS 
  STORAGE(INITIAL 65536 NEXT 1048576 MINEXTENTS 1 MAXEXTENTS 2147483645
  PCTINCREASE 0 FREELISTS 1 FREELIST GROUPS 1
  BUFFER_POOL DEFAULT FLASH_CACHE DEFAULT CELL_FLASH_CACHE DEFAULT)
  TABLESPACE "STUDENTS" ;
--------------------------------------------------------
--  DDL for Index PK_VIP_POGODNOSTI
--------------------------------------------------------

  CREATE UNIQUE INDEX "S19184"."PK_VIP_POGODNOSTI" ON "S19184"."VIP_POGODNOSTI" ("ID_ULAZNICE", "POGODNOST") 
  PCTFREE 10 INITRANS 2 MAXTRANS 255 COMPUTE STATISTICS 
  STORAGE(INITIAL 65536 NEXT 1048576 MINEXTENTS 1 MAXEXTENTS 2147483645
  PCTINCREASE 0 FREELISTS 1 FREELIST GROUPS 1
  BUFFER_POOL DEFAULT FLASH_CACHE DEFAULT CELL_FLASH_CACHE DEFAULT)
  TABLESPACE "STUDENTS" ;
--------------------------------------------------------
--  DDL for Index PK_VISEDNEVNA
--------------------------------------------------------

  CREATE UNIQUE INDEX "S19184"."PK_VISEDNEVNA" ON "S19184"."VISEDNEVNA" ("ID_ULAZNICE") 
  PCTFREE 10 INITRANS 2 MAXTRANS 255 COMPUTE STATISTICS 
  STORAGE(INITIAL 65536 NEXT 1048576 MINEXTENTS 1 MAXEXTENTS 2147483645
  PCTINCREASE 0 FREELISTS 1 FREELIST GROUPS 1
  BUFFER_POOL DEFAULT FLASH_CACHE DEFAULT CELL_FLASH_CACHE DEFAULT)
  TABLESPACE "STUDENTS" ;
--------------------------------------------------------
--  DDL for Index PK_VISEDNEVNA_DANI
--------------------------------------------------------

  CREATE UNIQUE INDEX "S19184"."PK_VISEDNEVNA_DANI" ON "S19184"."VISEDNEVNA_DANI" ("ID_ULAZNICE", "DAN_VAZENJA") 
  PCTFREE 10 INITRANS 2 MAXTRANS 255 COMPUTE STATISTICS 
  STORAGE(INITIAL 65536 NEXT 1048576 MINEXTENTS 1 MAXEXTENTS 2147483645
  PCTINCREASE 0 FREELISTS 1 FREELIST GROUPS 1
  BUFFER_POOL DEFAULT FLASH_CACHE DEFAULT CELL_FLASH_CACHE DEFAULT)
  TABLESPACE "STUDENTS" ;
--------------------------------------------------------
--  DDL for Index SYS_C00404759
--------------------------------------------------------

  CREATE UNIQUE INDEX "S19184"."SYS_C00404759" ON "S19184"."AGENCIJA_ORGANIZATOR" ("NAZIV") 
  PCTFREE 10 INITRANS 2 MAXTRANS 255 COMPUTE STATISTICS 
  STORAGE(INITIAL 65536 NEXT 1048576 MINEXTENTS 1 MAXEXTENTS 2147483645
  PCTINCREASE 0 FREELISTS 1 FREELIST GROUPS 1
  BUFFER_POOL DEFAULT FLASH_CACHE DEFAULT CELL_FLASH_CACHE DEFAULT)
  TABLESPACE "STUDENTS" ;
--------------------------------------------------------
--  DDL for Index SYS_C00404765
--------------------------------------------------------

  CREATE UNIQUE INDEX "S19184"."SYS_C00404765" ON "S19184"."MENADZERSKA_AGENCIJA" ("NAZIV") 
  PCTFREE 10 INITRANS 2 MAXTRANS 255 COMPUTE STATISTICS 
  STORAGE(INITIAL 65536 NEXT 1048576 MINEXTENTS 1 MAXEXTENTS 2147483645
  PCTINCREASE 0 FREELISTS 1 FREELIST GROUPS 1
  BUFFER_POOL DEFAULT FLASH_CACHE DEFAULT CELL_FLASH_CACHE DEFAULT)
  TABLESPACE "STUDENTS" ;
--------------------------------------------------------
--  DDL for Index UK_IZVODJAC_EMAIL
--------------------------------------------------------

  CREATE UNIQUE INDEX "S19184"."UK_IZVODJAC_EMAIL" ON "S19184"."IZVODJAC" ("EMAIL") 
  PCTFREE 10 INITRANS 2 MAXTRANS 255 COMPUTE STATISTICS 
  STORAGE(INITIAL 65536 NEXT 1048576 MINEXTENTS 1 MAXEXTENTS 2147483645
  PCTINCREASE 0 FREELISTS 1 FREELIST GROUPS 1
  BUFFER_POOL DEFAULT FLASH_CACHE DEFAULT CELL_FLASH_CACHE DEFAULT)
  TABLESPACE "STUDENTS" ;
--------------------------------------------------------
--  DDL for Index UK_IZVODJAC_TELEFON
--------------------------------------------------------

  CREATE UNIQUE INDEX "S19184"."UK_IZVODJAC_TELEFON" ON "S19184"."IZVODJAC" ("TELEFON") 
  PCTFREE 10 INITRANS 2 MAXTRANS 255 COMPUTE STATISTICS 
  STORAGE(INITIAL 65536 NEXT 1048576 MINEXTENTS 1 MAXEXTENTS 2147483645
  PCTINCREASE 0 FREELISTS 1 FREELIST GROUPS 1
  BUFFER_POOL DEFAULT FLASH_CACHE DEFAULT CELL_FLASH_CACHE DEFAULT)
  TABLESPACE "STUDENTS" ;
--------------------------------------------------------
--  DDL for Index UK_POSETILAC_EMAIL
--------------------------------------------------------

  CREATE UNIQUE INDEX "S19184"."UK_POSETILAC_EMAIL" ON "S19184"."POSETILAC" ("EMAIL") 
  PCTFREE 10 INITRANS 2 MAXTRANS 255 COMPUTE STATISTICS 
  STORAGE(INITIAL 65536 NEXT 1048576 MINEXTENTS 1 MAXEXTENTS 2147483645
  PCTINCREASE 0 FREELISTS 1 FREELIST GROUPS 1
  BUFFER_POOL DEFAULT FLASH_CACHE DEFAULT CELL_FLASH_CACHE DEFAULT)
  TABLESPACE "STUDENTS" ;
--------------------------------------------------------
--  DDL for Index UK_POSETILAC_TELEFON
--------------------------------------------------------

  CREATE UNIQUE INDEX "S19184"."UK_POSETILAC_TELEFON" ON "S19184"."POSETILAC" ("TELEFON") 
  PCTFREE 10 INITRANS 2 MAXTRANS 255 COMPUTE STATISTICS 
  STORAGE(INITIAL 65536 NEXT 1048576 MINEXTENTS 1 MAXEXTENTS 2147483645
  PCTINCREASE 0 FREELISTS 1 FREELIST GROUPS 1
  BUFFER_POOL DEFAULT FLASH_CACHE DEFAULT CELL_FLASH_CACHE DEFAULT)
  TABLESPACE "STUDENTS" ;
--------------------------------------------------------
--  DDL for Index UK_ULAZNICA_POSETIOC
--------------------------------------------------------

  CREATE UNIQUE INDEX "S19184"."UK_ULAZNICA_POSETIOC" ON "S19184"."ULAZNICA" ("KUPAC_ID", "TIP_ULAZNICE") 
  PCTFREE 10 INITRANS 2 MAXTRANS 255 COMPUTE STATISTICS 
  STORAGE(INITIAL 65536 NEXT 1048576 MINEXTENTS 1 MAXEXTENTS 2147483645
  PCTINCREASE 0 FREELISTS 1 FREELIST GROUPS 1
  BUFFER_POOL DEFAULT FLASH_CACHE DEFAULT CELL_FLASH_CACHE DEFAULT)
  TABLESPACE "STUDENTS" ;
--------------------------------------------------------
--  DDL for Index ULAZNICA_PK
--------------------------------------------------------

  CREATE UNIQUE INDEX "S19184"."ULAZNICA_PK" ON "S19184"."ULAZNICA" ("ID_ULAZNICE") 
  PCTFREE 10 INITRANS 2 MAXTRANS 255 COMPUTE STATISTICS 
  STORAGE(INITIAL 65536 NEXT 1048576 MINEXTENTS 1 MAXEXTENTS 2147483645
  PCTINCREASE 0 FREELISTS 1 FREELIST GROUPS 1
  BUFFER_POOL DEFAULT FLASH_CACHE DEFAULT CELL_FLASH_CACHE DEFAULT)
  TABLESPACE "STUDENTS" ;
--------------------------------------------------------
--  DDL for Index UQ_DOGADJAJ_NAZIV_LOKACIJA
--------------------------------------------------------

  CREATE UNIQUE INDEX "S19184"."UQ_DOGADJAJ_NAZIV_LOKACIJA" ON "S19184"."DOGADJAJ" ("NAZIV", "DATUM_VREME_POCETKA", "LOKACIJA_ID") 
  PCTFREE 10 INITRANS 2 MAXTRANS 255 COMPUTE STATISTICS 
  STORAGE(INITIAL 65536 NEXT 1048576 MINEXTENTS 1 MAXEXTENTS 2147483645
  PCTINCREASE 0 FREELISTS 1 FREELIST GROUPS 1
  BUFFER_POOL DEFAULT FLASH_CACHE DEFAULT CELL_FLASH_CACHE DEFAULT)
  TABLESPACE "STUDENTS" ;
--------------------------------------------------------
--  DDL for Index UQ_GRUPA_NAZIV_AGENCIJA
--------------------------------------------------------

  CREATE UNIQUE INDEX "S19184"."UQ_GRUPA_NAZIV_AGENCIJA" ON "S19184"."GRUPA" ("NAZIV", "AGENCIJA_ORGANIZATOR_ID") 
  PCTFREE 10 INITRANS 2 MAXTRANS 255 COMPUTE STATISTICS 
  STORAGE(INITIAL 65536 NEXT 1048576 MINEXTENTS 1 MAXEXTENTS 2147483645
  PCTINCREASE 0 FREELISTS 1 FREELIST GROUPS 1
  BUFFER_POOL DEFAULT FLASH_CACHE DEFAULT CELL_FLASH_CACHE DEFAULT)
  TABLESPACE "STUDENTS" ;
--------------------------------------------------------
--  DDL for Index UQ_KONTAKT_OSOBA
--------------------------------------------------------

  CREATE UNIQUE INDEX "S19184"."UQ_KONTAKT_OSOBA" ON "S19184"."MENADZERSKA_AGENCIJA" ("KONTAKT_OSOBA") 
  PCTFREE 10 INITRANS 2 MAXTRANS 255 COMPUTE STATISTICS 
  STORAGE(INITIAL 65536 NEXT 1048576 MINEXTENTS 1 MAXEXTENTS 2147483645
  PCTINCREASE 0 FREELISTS 1 FREELIST GROUPS 1
  BUFFER_POOL DEFAULT FLASH_CACHE DEFAULT CELL_FLASH_CACHE DEFAULT)
  TABLESPACE "STUDENTS" ;
--------------------------------------------------------
--  DDL for Index UQ_SOLOUMETNIK_NAZIV
--------------------------------------------------------

  CREATE UNIQUE INDEX "S19184"."UQ_SOLOUMETNIK_NAZIV" ON "S19184"."VOKALNE_SPOSOBNOSTI" ("ID_SOLOUMETNIK", "NAZIV") 
  PCTFREE 10 INITRANS 2 MAXTRANS 255 COMPUTE STATISTICS 
  STORAGE(INITIAL 65536 NEXT 1048576 MINEXTENTS 1 MAXEXTENTS 2147483645
  PCTINCREASE 0 FREELISTS 1 FREELIST GROUPS 1
  BUFFER_POOL DEFAULT FLASH_CACHE DEFAULT CELL_FLASH_CACHE DEFAULT)
  TABLESPACE "STUDENTS" ;
--------------------------------------------------------
--  DDL for Index ZATVORENA_LOKACIJA_PK
--------------------------------------------------------

  CREATE UNIQUE INDEX "S19184"."ZATVORENA_LOKACIJA_PK" ON "S19184"."ZATVORENA_LOKACIJA" ("TIP_PROSTORA") 
  PCTFREE 10 INITRANS 2 MAXTRANS 255 COMPUTE STATISTICS 
  STORAGE(INITIAL 65536 NEXT 1048576 MINEXTENTS 1 MAXEXTENTS 2147483645
  PCTINCREASE 0 FREELISTS 1 FREELIST GROUPS 1
  BUFFER_POOL DEFAULT FLASH_CACHE DEFAULT CELL_FLASH_CACHE DEFAULT)
  TABLESPACE "STUDENTS" ;
--------------------------------------------------------
--  DDL for Index ZATVORENA_LOKACIJA_PK1
--------------------------------------------------------

  CREATE UNIQUE INDEX "S19184"."ZATVORENA_LOKACIJA_PK1" ON "S19184"."ZATVORENA_LOKACIJA" ("ID") 
  PCTFREE 10 INITRANS 2 MAXTRANS 255 COMPUTE STATISTICS 
  STORAGE(INITIAL 65536 NEXT 1048576 MINEXTENTS 1 MAXEXTENTS 2147483645
  PCTINCREASE 0 FREELISTS 1 FREELIST GROUPS 1
  BUFFER_POOL DEFAULT FLASH_CACHE DEFAULT CELL_FLASH_CACHE DEFAULT)
  TABLESPACE "STUDENTS" ;
--------------------------------------------------------
--  DDL for Index SYS_C00404759
--------------------------------------------------------

  CREATE UNIQUE INDEX "S19184"."SYS_C00404759" ON "S19184"."AGENCIJA_ORGANIZATOR" ("NAZIV") 
  PCTFREE 10 INITRANS 2 MAXTRANS 255 COMPUTE STATISTICS 
  STORAGE(INITIAL 65536 NEXT 1048576 MINEXTENTS 1 MAXEXTENTS 2147483645
  PCTINCREASE 0 FREELISTS 1 FREELIST GROUPS 1
  BUFFER_POOL DEFAULT FLASH_CACHE DEFAULT CELL_FLASH_CACHE DEFAULT)
  TABLESPACE "STUDENTS" ;
--------------------------------------------------------
--  DDL for Index PK_AGENCIJA_ORGANIZATOR
--------------------------------------------------------

  CREATE UNIQUE INDEX "S19184"."PK_AGENCIJA_ORGANIZATOR" ON "S19184"."AGENCIJA_ORGANIZATOR" ("ID") 
  PCTFREE 10 INITRANS 2 MAXTRANS 255 COMPUTE STATISTICS 
  STORAGE(INITIAL 65536 NEXT 1048576 MINEXTENTS 1 MAXEXTENTS 2147483645
  PCTINCREASE 0 FREELISTS 1 FREELIST GROUPS 1
  BUFFER_POOL DEFAULT FLASH_CACHE DEFAULT CELL_FLASH_CACHE DEFAULT)
  TABLESPACE "STUDENTS" ;
--------------------------------------------------------
--  DDL for Index PK_AKREDITACIJA
--------------------------------------------------------

  CREATE UNIQUE INDEX "S19184"."PK_AKREDITACIJA" ON "S19184"."AKREDITACIJA" ("ID_ULAZNICE") 
  PCTFREE 10 INITRANS 2 MAXTRANS 255 COMPUTE STATISTICS 
  STORAGE(INITIAL 65536 NEXT 1048576 MINEXTENTS 1 MAXEXTENTS 2147483645
  PCTINCREASE 0 FREELISTS 1 FREELIST GROUPS 1
  BUFFER_POOL DEFAULT FLASH_CACHE DEFAULT CELL_FLASH_CACHE DEFAULT)
  TABLESPACE "STUDENTS" ;
--------------------------------------------------------
--  DDL for Index PK_BEND
--------------------------------------------------------

  CREATE UNIQUE INDEX "S19184"."PK_BEND" ON "S19184"."BEND" ("ID") 
  PCTFREE 10 INITRANS 2 MAXTRANS 255 COMPUTE STATISTICS 
  STORAGE(INITIAL 65536 NEXT 1048576 MINEXTENTS 1 MAXEXTENTS 2147483645
  PCTINCREASE 0 FREELISTS 1 FREELIST GROUPS 1
  BUFFER_POOL DEFAULT FLASH_CACHE DEFAULT CELL_FLASH_CACHE DEFAULT)
  TABLESPACE "STUDENTS" ;
--------------------------------------------------------
--  DDL for Index PK_CLAN
--------------------------------------------------------

  CREATE UNIQUE INDEX "S19184"."PK_CLAN" ON "S19184"."CLAN" ("IME", "INSTRUMENT", "BEND_ID") 
  PCTFREE 10 INITRANS 2 MAXTRANS 255 COMPUTE STATISTICS 
  STORAGE(INITIAL 65536 NEXT 1048576 MINEXTENTS 1 MAXEXTENTS 2147483645
  PCTINCREASE 0 FREELISTS 1 FREELIST GROUPS 1
  BUFFER_POOL DEFAULT FLASH_CACHE DEFAULT CELL_FLASH_CACHE DEFAULT)
  TABLESPACE "STUDENTS" ;
--------------------------------------------------------
--  DDL for Index CLAN_PK
--------------------------------------------------------

  CREATE UNIQUE INDEX "S19184"."CLAN_PK" ON "S19184"."CLAN" ("CLAN_ID") 
  PCTFREE 10 INITRANS 2 MAXTRANS 255 COMPUTE STATISTICS 
  STORAGE(INITIAL 65536 NEXT 1048576 MINEXTENTS 1 MAXEXTENTS 2147483645
  PCTINCREASE 0 FREELISTS 1 FREELIST GROUPS 1
  BUFFER_POOL DEFAULT FLASH_CACHE DEFAULT CELL_FLASH_CACHE DEFAULT)
  TABLESPACE "STUDENTS" ;
--------------------------------------------------------
--  DDL for Index UQ_DOGADJAJ_NAZIV_LOKACIJA
--------------------------------------------------------

  CREATE UNIQUE INDEX "S19184"."UQ_DOGADJAJ_NAZIV_LOKACIJA" ON "S19184"."DOGADJAJ" ("NAZIV", "DATUM_VREME_POCETKA", "LOKACIJA_ID") 
  PCTFREE 10 INITRANS 2 MAXTRANS 255 COMPUTE STATISTICS 
  STORAGE(INITIAL 65536 NEXT 1048576 MINEXTENTS 1 MAXEXTENTS 2147483645
  PCTINCREASE 0 FREELISTS 1 FREELIST GROUPS 1
  BUFFER_POOL DEFAULT FLASH_CACHE DEFAULT CELL_FLASH_CACHE DEFAULT)
  TABLESPACE "STUDENTS" ;
--------------------------------------------------------
--  DDL for Index PK_DOGADJAJ
--------------------------------------------------------

  CREATE UNIQUE INDEX "S19184"."PK_DOGADJAJ" ON "S19184"."DOGADJAJ" ("ID") 
  PCTFREE 10 INITRANS 2 MAXTRANS 255 COMPUTE STATISTICS 
  STORAGE(INITIAL 65536 NEXT 1048576 MINEXTENTS 1 MAXEXTENTS 2147483645
  PCTINCREASE 0 FREELISTS 1 FREELIST GROUPS 1
  BUFFER_POOL DEFAULT FLASH_CACHE DEFAULT CELL_FLASH_CACHE DEFAULT)
  TABLESPACE "STUDENTS" ;
--------------------------------------------------------
--  DDL for Index DOSTUPNOST_OPREME_PK
--------------------------------------------------------

  CREATE UNIQUE INDEX "S19184"."DOSTUPNOST_OPREME_PK" ON "S19184"."DOSTUPNOST_OPREME" ("ID") 
  PCTFREE 10 INITRANS 2 MAXTRANS 255 COMPUTE STATISTICS 
  STORAGE(INITIAL 65536 NEXT 1048576 MINEXTENTS 1 MAXEXTENTS 2147483645
  PCTINCREASE 0 FREELISTS 1 FREELIST GROUPS 1
  BUFFER_POOL DEFAULT FLASH_CACHE DEFAULT CELL_FLASH_CACHE DEFAULT)
  TABLESPACE "STUDENTS" ;
--------------------------------------------------------
--  DDL for Index UQ_GRUPA_NAZIV_AGENCIJA
--------------------------------------------------------

  CREATE UNIQUE INDEX "S19184"."UQ_GRUPA_NAZIV_AGENCIJA" ON "S19184"."GRUPA" ("NAZIV", "AGENCIJA_ORGANIZATOR_ID") 
  PCTFREE 10 INITRANS 2 MAXTRANS 255 COMPUTE STATISTICS 
  STORAGE(INITIAL 65536 NEXT 1048576 MINEXTENTS 1 MAXEXTENTS 2147483645
  PCTINCREASE 0 FREELISTS 1 FREELIST GROUPS 1
  BUFFER_POOL DEFAULT FLASH_CACHE DEFAULT CELL_FLASH_CACHE DEFAULT)
  TABLESPACE "STUDENTS" ;
--------------------------------------------------------
--  DDL for Index PK_GRUPA
--------------------------------------------------------

  CREATE UNIQUE INDEX "S19184"."PK_GRUPA" ON "S19184"."GRUPA" ("ID_GRUPE") 
  PCTFREE 10 INITRANS 2 MAXTRANS 255 COMPUTE STATISTICS 
  STORAGE(INITIAL 65536 NEXT 1048576 MINEXTENTS 1 MAXEXTENTS 2147483645
  PCTINCREASE 0 FREELISTS 1 FREELIST GROUPS 1
  BUFFER_POOL DEFAULT FLASH_CACHE DEFAULT CELL_FLASH_CACHE DEFAULT)
  TABLESPACE "STUDENTS" ;
--------------------------------------------------------
--  DDL for Index UK_IZVODJAC_EMAIL
--------------------------------------------------------

  CREATE UNIQUE INDEX "S19184"."UK_IZVODJAC_EMAIL" ON "S19184"."IZVODJAC" ("EMAIL") 
  PCTFREE 10 INITRANS 2 MAXTRANS 255 COMPUTE STATISTICS 
  STORAGE(INITIAL 65536 NEXT 1048576 MINEXTENTS 1 MAXEXTENTS 2147483645
  PCTINCREASE 0 FREELISTS 1 FREELIST GROUPS 1
  BUFFER_POOL DEFAULT FLASH_CACHE DEFAULT CELL_FLASH_CACHE DEFAULT)
  TABLESPACE "STUDENTS" ;
--------------------------------------------------------
--  DDL for Index UK_IZVODJAC_TELEFON
--------------------------------------------------------

  CREATE UNIQUE INDEX "S19184"."UK_IZVODJAC_TELEFON" ON "S19184"."IZVODJAC" ("TELEFON") 
  PCTFREE 10 INITRANS 2 MAXTRANS 255 COMPUTE STATISTICS 
  STORAGE(INITIAL 65536 NEXT 1048576 MINEXTENTS 1 MAXEXTENTS 2147483645
  PCTINCREASE 0 FREELISTS 1 FREELIST GROUPS 1
  BUFFER_POOL DEFAULT FLASH_CACHE DEFAULT CELL_FLASH_CACHE DEFAULT)
  TABLESPACE "STUDENTS" ;
--------------------------------------------------------
--  DDL for Index IZVODJAC_PK
--------------------------------------------------------

  CREATE UNIQUE INDEX "S19184"."IZVODJAC_PK" ON "S19184"."IZVODJAC" ("ID") 
  PCTFREE 10 INITRANS 2 MAXTRANS 255 COMPUTE STATISTICS 
  STORAGE(INITIAL 65536 NEXT 1048576 MINEXTENTS 1 MAXEXTENTS 2147483645
  PCTINCREASE 0 FREELISTS 1 FREELIST GROUPS 1
  BUFFER_POOL DEFAULT FLASH_CACHE DEFAULT CELL_FLASH_CACHE DEFAULT)
  TABLESPACE "STUDENTS" ;
--------------------------------------------------------
--  DDL for Index PK_JEDNODNEVNA
--------------------------------------------------------

  CREATE UNIQUE INDEX "S19184"."PK_JEDNODNEVNA" ON "S19184"."JEDNODNEVNA" ("ID_ULAZNICE") 
  PCTFREE 10 INITRANS 2 MAXTRANS 255 COMPUTE STATISTICS 
  STORAGE(INITIAL 65536 NEXT 1048576 MINEXTENTS 1 MAXEXTENTS 2147483645
  PCTINCREASE 0 FREELISTS 1 FREELIST GROUPS 1
  BUFFER_POOL DEFAULT FLASH_CACHE DEFAULT CELL_FLASH_CACHE DEFAULT)
  TABLESPACE "STUDENTS" ;
--------------------------------------------------------
--  DDL for Index KOMBINOVANA_LOKACIJA_PK
--------------------------------------------------------

  CREATE UNIQUE INDEX "S19184"."KOMBINOVANA_LOKACIJA_PK" ON "S19184"."KOMBINOVANA_LOKACIJA" ("ID") 
  PCTFREE 10 INITRANS 2 MAXTRANS 255 COMPUTE STATISTICS 
  STORAGE(INITIAL 65536 NEXT 1048576 MINEXTENTS 1 MAXEXTENTS 2147483645
  PCTINCREASE 0 FREELISTS 1 FREELIST GROUPS 1
  BUFFER_POOL DEFAULT FLASH_CACHE DEFAULT CELL_FLASH_CACHE DEFAULT)
  TABLESPACE "STUDENTS" ;
--------------------------------------------------------
--  DDL for Index KONTAKT_PODACI_MENADZERSKE_PK
--------------------------------------------------------

  CREATE UNIQUE INDEX "S19184"."KONTAKT_PODACI_MENADZERSKE_PK" ON "S19184"."KONTAKT_PODACI_MENADZERSKE" ("ID") 
  PCTFREE 10 INITRANS 2 MAXTRANS 255 COMPUTE STATISTICS 
  STORAGE(INITIAL 65536 NEXT 1048576 MINEXTENTS 1 MAXEXTENTS 2147483645
  PCTINCREASE 0 FREELISTS 1 FREELIST GROUPS 1
  BUFFER_POOL DEFAULT FLASH_CACHE DEFAULT CELL_FLASH_CACHE DEFAULT)
  TABLESPACE "STUDENTS" ;
--------------------------------------------------------
--  DDL for Index LOKACIJA_PK
--------------------------------------------------------

  CREATE UNIQUE INDEX "S19184"."LOKACIJA_PK" ON "S19184"."LOKACIJA" ("ID") 
  PCTFREE 10 INITRANS 2 MAXTRANS 255 COMPUTE STATISTICS 
  STORAGE(INITIAL 65536 NEXT 1048576 MINEXTENTS 1 MAXEXTENTS 2147483645
  PCTINCREASE 0 FREELISTS 1 FREELIST GROUPS 1
  BUFFER_POOL DEFAULT FLASH_CACHE DEFAULT CELL_FLASH_CACHE DEFAULT)
  TABLESPACE "STUDENTS" ;
--------------------------------------------------------
--  DDL for Index UQ_KONTAKT_OSOBA
--------------------------------------------------------

  CREATE UNIQUE INDEX "S19184"."UQ_KONTAKT_OSOBA" ON "S19184"."MENADZERSKA_AGENCIJA" ("KONTAKT_OSOBA") 
  PCTFREE 10 INITRANS 2 MAXTRANS 255 COMPUTE STATISTICS 
  STORAGE(INITIAL 65536 NEXT 1048576 MINEXTENTS 1 MAXEXTENTS 2147483645
  PCTINCREASE 0 FREELISTS 1 FREELIST GROUPS 1
  BUFFER_POOL DEFAULT FLASH_CACHE DEFAULT CELL_FLASH_CACHE DEFAULT)
  TABLESPACE "STUDENTS" ;
--------------------------------------------------------
--  DDL for Index SYS_C00404765
--------------------------------------------------------

  CREATE UNIQUE INDEX "S19184"."SYS_C00404765" ON "S19184"."MENADZERSKA_AGENCIJA" ("NAZIV") 
  PCTFREE 10 INITRANS 2 MAXTRANS 255 COMPUTE STATISTICS 
  STORAGE(INITIAL 65536 NEXT 1048576 MINEXTENTS 1 MAXEXTENTS 2147483645
  PCTINCREASE 0 FREELISTS 1 FREELIST GROUPS 1
  BUFFER_POOL DEFAULT FLASH_CACHE DEFAULT CELL_FLASH_CACHE DEFAULT)
  TABLESPACE "STUDENTS" ;
--------------------------------------------------------
--  DDL for Index PK_MENADZERSKA_AGENCIJA
--------------------------------------------------------

  CREATE UNIQUE INDEX "S19184"."PK_MENADZERSKA_AGENCIJA" ON "S19184"."MENADZERSKA_AGENCIJA" ("ID") 
  PCTFREE 10 INITRANS 2 MAXTRANS 255 COMPUTE STATISTICS 
  STORAGE(INITIAL 65536 NEXT 1048576 MINEXTENTS 1 MAXEXTENTS 2147483645
  PCTINCREASE 0 FREELISTS 1 FREELIST GROUPS 1
  BUFFER_POOL DEFAULT FLASH_CACHE DEFAULT CELL_FLASH_CACHE DEFAULT)
  TABLESPACE "STUDENTS" ;
--------------------------------------------------------
--  DDL for Index PK_NASTUPA
--------------------------------------------------------

  CREATE UNIQUE INDEX "S19184"."PK_NASTUPA" ON "S19184"."NASTUPA" ("DOGADJAJ_ID", "IZVODJAC_ID") 
  PCTFREE 10 INITRANS 2 MAXTRANS 255 COMPUTE STATISTICS 
  STORAGE(INITIAL 65536 NEXT 1048576 MINEXTENTS 1 MAXEXTENTS 2147483645
  PCTINCREASE 0 FREELISTS 1 FREELIST GROUPS 1
  BUFFER_POOL DEFAULT FLASH_CACHE DEFAULT CELL_FLASH_CACHE DEFAULT)
  TABLESPACE "STUDENTS" ;
--------------------------------------------------------
--  DDL for Index OTVORENA_LOKACIJA_PK
--------------------------------------------------------

  CREATE UNIQUE INDEX "S19184"."OTVORENA_LOKACIJA_PK" ON "S19184"."OTVORENA_LOKACIJA" ("ID") 
  PCTFREE 10 INITRANS 2 MAXTRANS 255 COMPUTE STATISTICS 
  STORAGE(INITIAL 65536 NEXT 1048576 MINEXTENTS 1 MAXEXTENTS 2147483645
  PCTINCREASE 0 FREELISTS 1 FREELIST GROUPS 1
  BUFFER_POOL DEFAULT FLASH_CACHE DEFAULT CELL_FLASH_CACHE DEFAULT)
  TABLESPACE "STUDENTS" ;
--------------------------------------------------------
--  DDL for Index UK_POSETILAC_EMAIL
--------------------------------------------------------

  CREATE UNIQUE INDEX "S19184"."UK_POSETILAC_EMAIL" ON "S19184"."POSETILAC" ("EMAIL") 
  PCTFREE 10 INITRANS 2 MAXTRANS 255 COMPUTE STATISTICS 
  STORAGE(INITIAL 65536 NEXT 1048576 MINEXTENTS 1 MAXEXTENTS 2147483645
  PCTINCREASE 0 FREELISTS 1 FREELIST GROUPS 1
  BUFFER_POOL DEFAULT FLASH_CACHE DEFAULT CELL_FLASH_CACHE DEFAULT)
  TABLESPACE "STUDENTS" ;
--------------------------------------------------------
--  DDL for Index UK_POSETILAC_TELEFON
--------------------------------------------------------

  CREATE UNIQUE INDEX "S19184"."UK_POSETILAC_TELEFON" ON "S19184"."POSETILAC" ("TELEFON") 
  PCTFREE 10 INITRANS 2 MAXTRANS 255 COMPUTE STATISTICS 
  STORAGE(INITIAL 65536 NEXT 1048576 MINEXTENTS 1 MAXEXTENTS 2147483645
  PCTINCREASE 0 FREELISTS 1 FREELIST GROUPS 1
  BUFFER_POOL DEFAULT FLASH_CACHE DEFAULT CELL_FLASH_CACHE DEFAULT)
  TABLESPACE "STUDENTS" ;
--------------------------------------------------------
--  DDL for Index PK_POSETILAC
--------------------------------------------------------

  CREATE UNIQUE INDEX "S19184"."PK_POSETILAC" ON "S19184"."POSETILAC" ("ID") 
  PCTFREE 10 INITRANS 2 MAXTRANS 255 COMPUTE STATISTICS 
  STORAGE(INITIAL 65536 NEXT 1048576 MINEXTENTS 1 MAXEXTENTS 2147483645
  PCTINCREASE 0 FREELISTS 1 FREELIST GROUPS 1
  BUFFER_POOL DEFAULT FLASH_CACHE DEFAULT CELL_FLASH_CACHE DEFAULT)
  TABLESPACE "STUDENTS" ;
--------------------------------------------------------
--  DDL for Index PK_SOLO_UMETNIK
--------------------------------------------------------

  CREATE UNIQUE INDEX "S19184"."PK_SOLO_UMETNIK" ON "S19184"."SOLO_UMETNIK" ("ID") 
  PCTFREE 10 INITRANS 2 MAXTRANS 255 COMPUTE STATISTICS 
  STORAGE(INITIAL 65536 NEXT 1048576 MINEXTENTS 1 MAXEXTENTS 2147483645
  PCTINCREASE 0 FREELISTS 1 FREELIST GROUPS 1
  BUFFER_POOL DEFAULT FLASH_CACHE DEFAULT CELL_FLASH_CACHE DEFAULT)
  TABLESPACE "STUDENTS" ;
--------------------------------------------------------
--  DDL for Index UK_ULAZNICA_POSETIOC
--------------------------------------------------------

  CREATE UNIQUE INDEX "S19184"."UK_ULAZNICA_POSETIOC" ON "S19184"."ULAZNICA" ("KUPAC_ID", "TIP_ULAZNICE") 
  PCTFREE 10 INITRANS 2 MAXTRANS 255 COMPUTE STATISTICS 
  STORAGE(INITIAL 65536 NEXT 1048576 MINEXTENTS 1 MAXEXTENTS 2147483645
  PCTINCREASE 0 FREELISTS 1 FREELIST GROUPS 1
  BUFFER_POOL DEFAULT FLASH_CACHE DEFAULT CELL_FLASH_CACHE DEFAULT)
  TABLESPACE "STUDENTS" ;
--------------------------------------------------------
--  DDL for Index ULAZNICA_PK
--------------------------------------------------------

  CREATE UNIQUE INDEX "S19184"."ULAZNICA_PK" ON "S19184"."ULAZNICA" ("ID_ULAZNICE") 
  PCTFREE 10 INITRANS 2 MAXTRANS 255 COMPUTE STATISTICS 
  STORAGE(INITIAL 65536 NEXT 1048576 MINEXTENTS 1 MAXEXTENTS 2147483645
  PCTINCREASE 0 FREELISTS 1 FREELIST GROUPS 1
  BUFFER_POOL DEFAULT FLASH_CACHE DEFAULT CELL_FLASH_CACHE DEFAULT)
  TABLESPACE "STUDENTS" ;
--------------------------------------------------------
--  DDL for Index PK_VIP
--------------------------------------------------------

  CREATE UNIQUE INDEX "S19184"."PK_VIP" ON "S19184"."VIP" ("ID_ULAZNICE") 
  PCTFREE 10 INITRANS 2 MAXTRANS 255 COMPUTE STATISTICS 
  STORAGE(INITIAL 65536 NEXT 1048576 MINEXTENTS 1 MAXEXTENTS 2147483645
  PCTINCREASE 0 FREELISTS 1 FREELIST GROUPS 1
  BUFFER_POOL DEFAULT FLASH_CACHE DEFAULT CELL_FLASH_CACHE DEFAULT)
  TABLESPACE "STUDENTS" ;
--------------------------------------------------------
--  DDL for Index PK_VIP_POGODNOSTI
--------------------------------------------------------

  CREATE UNIQUE INDEX "S19184"."PK_VIP_POGODNOSTI" ON "S19184"."VIP_POGODNOSTI" ("ID_ULAZNICE", "POGODNOST") 
  PCTFREE 10 INITRANS 2 MAXTRANS 255 COMPUTE STATISTICS 
  STORAGE(INITIAL 65536 NEXT 1048576 MINEXTENTS 1 MAXEXTENTS 2147483645
  PCTINCREASE 0 FREELISTS 1 FREELIST GROUPS 1
  BUFFER_POOL DEFAULT FLASH_CACHE DEFAULT CELL_FLASH_CACHE DEFAULT)
  TABLESPACE "STUDENTS" ;
--------------------------------------------------------
--  DDL for Index PK_VISEDNEVNA
--------------------------------------------------------

  CREATE UNIQUE INDEX "S19184"."PK_VISEDNEVNA" ON "S19184"."VISEDNEVNA" ("ID_ULAZNICE") 
  PCTFREE 10 INITRANS 2 MAXTRANS 255 COMPUTE STATISTICS 
  STORAGE(INITIAL 65536 NEXT 1048576 MINEXTENTS 1 MAXEXTENTS 2147483645
  PCTINCREASE 0 FREELISTS 1 FREELIST GROUPS 1
  BUFFER_POOL DEFAULT FLASH_CACHE DEFAULT CELL_FLASH_CACHE DEFAULT)
  TABLESPACE "STUDENTS" ;
--------------------------------------------------------
--  DDL for Index PK_VISEDNEVNA_DANI
--------------------------------------------------------

  CREATE UNIQUE INDEX "S19184"."PK_VISEDNEVNA_DANI" ON "S19184"."VISEDNEVNA_DANI" ("ID_ULAZNICE", "DAN_VAZENJA") 
  PCTFREE 10 INITRANS 2 MAXTRANS 255 COMPUTE STATISTICS 
  STORAGE(INITIAL 65536 NEXT 1048576 MINEXTENTS 1 MAXEXTENTS 2147483645
  PCTINCREASE 0 FREELISTS 1 FREELIST GROUPS 1
  BUFFER_POOL DEFAULT FLASH_CACHE DEFAULT CELL_FLASH_CACHE DEFAULT)
  TABLESPACE "STUDENTS" ;
--------------------------------------------------------
--  DDL for Index UQ_SOLOUMETNIK_NAZIV
--------------------------------------------------------

  CREATE UNIQUE INDEX "S19184"."UQ_SOLOUMETNIK_NAZIV" ON "S19184"."VOKALNE_SPOSOBNOSTI" ("ID_SOLOUMETNIK", "NAZIV") 
  PCTFREE 10 INITRANS 2 MAXTRANS 255 COMPUTE STATISTICS 
  STORAGE(INITIAL 65536 NEXT 1048576 MINEXTENTS 1 MAXEXTENTS 2147483645
  PCTINCREASE 0 FREELISTS 1 FREELIST GROUPS 1
  BUFFER_POOL DEFAULT FLASH_CACHE DEFAULT CELL_FLASH_CACHE DEFAULT)
  TABLESPACE "STUDENTS" ;
--------------------------------------------------------
--  DDL for Index ZATVORENA_LOKACIJA_PK1
--------------------------------------------------------

  CREATE UNIQUE INDEX "S19184"."ZATVORENA_LOKACIJA_PK1" ON "S19184"."ZATVORENA_LOKACIJA" ("ID") 
  PCTFREE 10 INITRANS 2 MAXTRANS 255 COMPUTE STATISTICS 
  STORAGE(INITIAL 65536 NEXT 1048576 MINEXTENTS 1 MAXEXTENTS 2147483645
  PCTINCREASE 0 FREELISTS 1 FREELIST GROUPS 1
  BUFFER_POOL DEFAULT FLASH_CACHE DEFAULT CELL_FLASH_CACHE DEFAULT)
  TABLESPACE "STUDENTS" ;
--------------------------------------------------------
--  DDL for Index ZATVORENA_LOKACIJA_PK
--------------------------------------------------------

  CREATE UNIQUE INDEX "S19184"."ZATVORENA_LOKACIJA_PK" ON "S19184"."ZATVORENA_LOKACIJA" ("TIP_PROSTORA") 
  PCTFREE 10 INITRANS 2 MAXTRANS 255 COMPUTE STATISTICS 
  STORAGE(INITIAL 65536 NEXT 1048576 MINEXTENTS 1 MAXEXTENTS 2147483645
  PCTINCREASE 0 FREELISTS 1 FREELIST GROUPS 1
  BUFFER_POOL DEFAULT FLASH_CACHE DEFAULT CELL_FLASH_CACHE DEFAULT)
  TABLESPACE "STUDENTS" ;
--------------------------------------------------------
--  DDL for Trigger AGENCIJA_ORGANIZATOR_PK
--------------------------------------------------------

  CREATE OR REPLACE EDITIONABLE TRIGGER "S19184"."AGENCIJA_ORGANIZATOR_PK" 
before insert on AGENCIJA_ORGANIZATOR
referencing new as new
for each row
begin
    select AGENCIJA_ORGANIZATOR_PK.nextval
    into: new.ID
    from dual;
end;
/
ALTER TRIGGER "S19184"."AGENCIJA_ORGANIZATOR_PK" ENABLE;
--------------------------------------------------------
--  DDL for Trigger CLAN_AUTO_PK
--------------------------------------------------------

  CREATE OR REPLACE EDITIONABLE TRIGGER "S19184"."CLAN_AUTO_PK" 
before insert on CLAN
referencing new as new
for each row
begin
    select CLAN_PK.nextval
    into: new.CLAN_ID
    from dual;
end;
/
ALTER TRIGGER "S19184"."CLAN_AUTO_PK" ENABLE;
--------------------------------------------------------
--  DDL for Trigger DOGADJAJ_AUTO_PK
--------------------------------------------------------

  CREATE OR REPLACE EDITIONABLE TRIGGER "S19184"."DOGADJAJ_AUTO_PK" 
BEFORE INSERT
ON Dogadjaj
REFERENCING NEW AS NEW
FOR EACH ROW
BEGIN
  SELECT Dogadjaj_PK.NEXTVAL INTO :NEW.ID FROM dual;
END;


/
ALTER TRIGGER "S19184"."DOGADJAJ_AUTO_PK" ENABLE;
--------------------------------------------------------
--  DDL for Trigger DOSTUPNOST_OPREME_AUTO_PK
--------------------------------------------------------

  CREATE OR REPLACE EDITIONABLE TRIGGER "S19184"."DOSTUPNOST_OPREME_AUTO_PK" 
before insert on "DOSTUPNOST_OPREME"
referencing new as new
for each row
begin
    select DOSTUPNOST_OPREME_PK.nextval
    into: new.ID
    from dual;
end;
/
ALTER TRIGGER "S19184"."DOSTUPNOST_OPREME_AUTO_PK" ENABLE;
--------------------------------------------------------
--  DDL for Trigger GRUPA_AUTO_PK
--------------------------------------------------------

  CREATE OR REPLACE EDITIONABLE TRIGGER "S19184"."GRUPA_AUTO_PK" 
BEFORE INSERT ON "S19184"."GRUPA"
FOR EACH ROW
 WHEN (NEW.ID_GRUPE IS NULL) BEGIN
    SELECT "S19184"."GRUPA_PK".NEXTVAL
    INTO :NEW.ID_GRUPE
    FROM DUAL;
END;
/
ALTER TRIGGER "S19184"."GRUPA_AUTO_PK" ENABLE;
--------------------------------------------------------
--  DDL for Trigger KONTAKT_PODACI__AUTO_PK
--------------------------------------------------------

  CREATE OR REPLACE EDITIONABLE TRIGGER "S19184"."KONTAKT_PODACI__AUTO_PK" 
BEFORE INSERT ON "S19184"."KONTAKT_PODACI_MENADZERSKE"
REFERENCING NEW AS NEW
FOR EACH ROW
BEGIN
    IF :NEW.ID IS NULL THEN
        SELECT "S19184"."KONTAKT_PODACI_MENADZERSKE_PK".NEXTVAL
        INTO :NEW.ID
        FROM DUAL;
    END IF;
END;
/
ALTER TRIGGER "S19184"."KONTAKT_PODACI__AUTO_PK" ENABLE;
--------------------------------------------------------
--  DDL for Trigger MENADZERSKA_AGENCIJA_AUTO_PK
--------------------------------------------------------

  CREATE OR REPLACE EDITIONABLE TRIGGER "S19184"."MENADZERSKA_AGENCIJA_AUTO_PK" 
BEFORE INSERT ON "S19184"."MENADZERSKA_AGENCIJA"
FOR EACH ROW
 WHEN (NEW.ID IS NULL) BEGIN
    SELECT "S19184"."MENADZERSKA_AGENCIJA_PK".NEXTVAL
    INTO :NEW.ID
    FROM DUAL;
END;
/
ALTER TRIGGER "S19184"."MENADZERSKA_AGENCIJA_AUTO_PK" ENABLE;
--------------------------------------------------------
--  DDL for Trigger POSETILAC_AUTO_PK
--------------------------------------------------------

  CREATE OR REPLACE EDITIONABLE TRIGGER "S19184"."POSETILAC_AUTO_PK" 
before insert on POSETILAC
referencing new as new
for each row
begin
    select POSETILAC_PK.nextval
    into: new.ID
    from dual;
end;
/
ALTER TRIGGER "S19184"."POSETILAC_AUTO_PK" ENABLE;
--------------------------------------------------------
--  DDL for Trigger AGENCIJA_ORGANIZATOR_PK
--------------------------------------------------------

  CREATE OR REPLACE EDITIONABLE TRIGGER "S19184"."AGENCIJA_ORGANIZATOR_PK" 
before insert on AGENCIJA_ORGANIZATOR
referencing new as new
for each row
begin
    select AGENCIJA_ORGANIZATOR_PK.nextval
    into: new.ID
    from dual;
end;
/
ALTER TRIGGER "S19184"."AGENCIJA_ORGANIZATOR_PK" ENABLE;
--------------------------------------------------------
--  DDL for Trigger CLAN_AUTO_PK
--------------------------------------------------------

  CREATE OR REPLACE EDITIONABLE TRIGGER "S19184"."CLAN_AUTO_PK" 
before insert on CLAN
referencing new as new
for each row
begin
    select CLAN_PK.nextval
    into: new.CLAN_ID
    from dual;
end;
/
ALTER TRIGGER "S19184"."CLAN_AUTO_PK" ENABLE;
--------------------------------------------------------
--  DDL for Trigger DOGADJAJ_AUTO_PK
--------------------------------------------------------

  CREATE OR REPLACE EDITIONABLE TRIGGER "S19184"."DOGADJAJ_AUTO_PK" 
BEFORE INSERT
ON Dogadjaj
REFERENCING NEW AS NEW
FOR EACH ROW
BEGIN
  SELECT Dogadjaj_PK.NEXTVAL INTO :NEW.ID FROM dual;
END;


/
ALTER TRIGGER "S19184"."DOGADJAJ_AUTO_PK" ENABLE;
--------------------------------------------------------
--  DDL for Trigger DOSTUPNOST_OPREME_AUTO_PK
--------------------------------------------------------

  CREATE OR REPLACE EDITIONABLE TRIGGER "S19184"."DOSTUPNOST_OPREME_AUTO_PK" 
before insert on "DOSTUPNOST_OPREME"
referencing new as new
for each row
begin
    select DOSTUPNOST_OPREME_PK.nextval
    into: new.ID
    from dual;
end;
/
ALTER TRIGGER "S19184"."DOSTUPNOST_OPREME_AUTO_PK" ENABLE;
--------------------------------------------------------
--  DDL for Trigger GRUPA_AUTO_PK
--------------------------------------------------------

  CREATE OR REPLACE EDITIONABLE TRIGGER "S19184"."GRUPA_AUTO_PK" 
BEFORE INSERT ON "S19184"."GRUPA"
FOR EACH ROW
 WHEN (NEW.ID_GRUPE IS NULL) BEGIN
    SELECT "S19184"."GRUPA_PK".NEXTVAL
    INTO :NEW.ID_GRUPE
    FROM DUAL;
END;
/
ALTER TRIGGER "S19184"."GRUPA_AUTO_PK" ENABLE;
--------------------------------------------------------
--  DDL for Trigger KONTAKT_PODACI__AUTO_PK
--------------------------------------------------------

  CREATE OR REPLACE EDITIONABLE TRIGGER "S19184"."KONTAKT_PODACI__AUTO_PK" 
BEFORE INSERT ON "S19184"."KONTAKT_PODACI_MENADZERSKE"
REFERENCING NEW AS NEW
FOR EACH ROW
BEGIN
    IF :NEW.ID IS NULL THEN
        SELECT "S19184"."KONTAKT_PODACI_MENADZERSKE_PK".NEXTVAL
        INTO :NEW.ID
        FROM DUAL;
    END IF;
END;
/
ALTER TRIGGER "S19184"."KONTAKT_PODACI__AUTO_PK" ENABLE;
--------------------------------------------------------
--  DDL for Trigger MENADZERSKA_AGENCIJA_AUTO_PK
--------------------------------------------------------

  CREATE OR REPLACE EDITIONABLE TRIGGER "S19184"."MENADZERSKA_AGENCIJA_AUTO_PK" 
BEFORE INSERT ON "S19184"."MENADZERSKA_AGENCIJA"
FOR EACH ROW
 WHEN (NEW.ID IS NULL) BEGIN
    SELECT "S19184"."MENADZERSKA_AGENCIJA_PK".NEXTVAL
    INTO :NEW.ID
    FROM DUAL;
END;
/
ALTER TRIGGER "S19184"."MENADZERSKA_AGENCIJA_AUTO_PK" ENABLE;
--------------------------------------------------------
--  DDL for Trigger POSETILAC_AUTO_PK
--------------------------------------------------------

  CREATE OR REPLACE EDITIONABLE TRIGGER "S19184"."POSETILAC_AUTO_PK" 
before insert on POSETILAC
referencing new as new
for each row
begin
    select POSETILAC_PK.nextval
    into: new.ID
    from dual;
end;
/
ALTER TRIGGER "S19184"."POSETILAC_AUTO_PK" ENABLE;
--------------------------------------------------------
--  Constraints for Table AGENCIJA_ORGANIZATOR
--------------------------------------------------------

  ALTER TABLE "S19184"."AGENCIJA_ORGANIZATOR" ADD CONSTRAINT "CK_AGENCIJA_NAZIV_FORMAT" CHECK (
       REGEXP_LIKE(TRIM(NAZIV), '^[A-Za-zčćšđžČĆŠĐŽ]+([ ][A-Za-zčćšđžČĆŠĐŽ]+)*$')
) ENABLE;
  ALTER TABLE "S19184"."AGENCIJA_ORGANIZATOR" ADD CONSTRAINT "CK_AGENCIJA_ADRESA_FORMAT" CHECK (
    REGEXP_LIKE(
        TRIM(ADRESA),
        '^([A-ZČĆŠĐŽ][a-zA-ZčćšđžČĆŠĐŽ\.\-]+)(\s[A-ZČĆŠĐŽ][a-zA-ZčćšđžČĆŠĐŽ\.\-]+)* [0-9]{1,4}[A-Za-z]?(, [A-ZČĆŠĐŽ][a-zA-ZčćšđžČĆŠĐŽ\.\-]+(\s[A-ZČĆŠĐŽ][a-zA-ZčćšđžČĆŠĐŽ\.\-]+)*)?$'
    )
) ENABLE;
  ALTER TABLE "S19184"."AGENCIJA_ORGANIZATOR" ADD CONSTRAINT "PK_AGENCIJA_ORGANIZATOR" PRIMARY KEY ("ID")
  USING INDEX PCTFREE 10 INITRANS 2 MAXTRANS 255 COMPUTE STATISTICS 
  STORAGE(INITIAL 65536 NEXT 1048576 MINEXTENTS 1 MAXEXTENTS 2147483645
  PCTINCREASE 0 FREELISTS 1 FREELIST GROUPS 1
  BUFFER_POOL DEFAULT FLASH_CACHE DEFAULT CELL_FLASH_CACHE DEFAULT)
  TABLESPACE "STUDENTS"  ENABLE;
  ALTER TABLE "S19184"."AGENCIJA_ORGANIZATOR" MODIFY ("ADRESA" NOT NULL ENABLE);
  ALTER TABLE "S19184"."AGENCIJA_ORGANIZATOR" MODIFY ("NAZIV" NOT NULL ENABLE);
  ALTER TABLE "S19184"."AGENCIJA_ORGANIZATOR" MODIFY ("ID" NOT NULL ENABLE);
  ALTER TABLE "S19184"."AGENCIJA_ORGANIZATOR" ADD CONSTRAINT "UQ_AGENCIJA_NAZIV" UNIQUE ("NAZIV")
  USING INDEX PCTFREE 10 INITRANS 2 MAXTRANS 255 COMPUTE STATISTICS 
  STORAGE(INITIAL 65536 NEXT 1048576 MINEXTENTS 1 MAXEXTENTS 2147483645
  PCTINCREASE 0 FREELISTS 1 FREELIST GROUPS 1
  BUFFER_POOL DEFAULT FLASH_CACHE DEFAULT CELL_FLASH_CACHE DEFAULT)
  TABLESPACE "STUDENTS"  ENABLE;
--------------------------------------------------------
--  Constraints for Table AKREDITACIJA
--------------------------------------------------------

  ALTER TABLE "S19184"."AKREDITACIJA" MODIFY ("ID_ULAZNICE" NOT NULL ENABLE);
  ALTER TABLE "S19184"."AKREDITACIJA" ADD CONSTRAINT "PK_AKREDITACIJA" PRIMARY KEY ("ID_ULAZNICE")
  USING INDEX PCTFREE 10 INITRANS 2 MAXTRANS 255 COMPUTE STATISTICS 
  STORAGE(INITIAL 65536 NEXT 1048576 MINEXTENTS 1 MAXEXTENTS 2147483645
  PCTINCREASE 0 FREELISTS 1 FREELIST GROUPS 1
  BUFFER_POOL DEFAULT FLASH_CACHE DEFAULT CELL_FLASH_CACHE DEFAULT)
  TABLESPACE "STUDENTS"  ENABLE;
  ALTER TABLE "S19184"."AKREDITACIJA" MODIFY ("TIP" NOT NULL ENABLE);
  ALTER TABLE "S19184"."AKREDITACIJA" ADD CONSTRAINT "CHK_AKREDITACIJA_TIP" CHECK (TIP IN ('SPONZOR', 'PRESS', 'PARTNER')) ENABLE;
--------------------------------------------------------
--  Constraints for Table BEND
--------------------------------------------------------

  ALTER TABLE "S19184"."BEND" ADD CONSTRAINT "PK_BEND" PRIMARY KEY ("ID")
  USING INDEX PCTFREE 10 INITRANS 2 MAXTRANS 255 COMPUTE STATISTICS 
  STORAGE(INITIAL 65536 NEXT 1048576 MINEXTENTS 1 MAXEXTENTS 2147483645
  PCTINCREASE 0 FREELISTS 1 FREELIST GROUPS 1
  BUFFER_POOL DEFAULT FLASH_CACHE DEFAULT CELL_FLASH_CACHE DEFAULT)
  TABLESPACE "STUDENTS"  ENABLE;
  ALTER TABLE "S19184"."BEND" MODIFY ("BROJ_CLANOVA" NOT NULL ENABLE);
--------------------------------------------------------
--  Constraints for Table CLAN
--------------------------------------------------------

  ALTER TABLE "S19184"."CLAN" ADD CONSTRAINT "CHK_CLAN" UNIQUE ("IME", "INSTRUMENT", "BEND_ID")
  USING INDEX (CREATE UNIQUE INDEX "S19184"."PK_CLAN" ON "S19184"."CLAN" ("IME", "INSTRUMENT", "BEND_ID") 
  PCTFREE 10 INITRANS 2 MAXTRANS 255 COMPUTE STATISTICS 
  STORAGE(INITIAL 65536 NEXT 1048576 MINEXTENTS 1 MAXEXTENTS 2147483645
  PCTINCREASE 0 FREELISTS 1 FREELIST GROUPS 1
  BUFFER_POOL DEFAULT FLASH_CACHE DEFAULT CELL_FLASH_CACHE DEFAULT)
  TABLESPACE "STUDENTS" )  ENABLE;
  ALTER TABLE "S19184"."CLAN" MODIFY ("INSTRUMENT" NOT NULL ENABLE);
  ALTER TABLE "S19184"."CLAN" ADD CONSTRAINT "CHK_CLAN_IME" CHECK (
    REGEXP_LIKE(
        TRIM(IME),
        '^[A-Za-zŠšĐđČčĆćŽž]+([ ][A-Za-zŠšĐđČčĆćŽž]+)*$'
    )
) ENABLE;
  ALTER TABLE "S19184"."CLAN" ADD CONSTRAINT "CHK_CLAN_INSTRUMENT" CHECK (
    REGEXP_LIKE(TRIM(INSTRUMENT), '^[A-Za-z]+([ ][A-Za-z]+)*$')
) ENABLE;
  ALTER TABLE "S19184"."CLAN" ADD CONSTRAINT "CHK_CLAN_ULOGA" CHECK (
    REGEXP_LIKE(
        TRIM(ULOGA),
        '^[A-Za-zŠšĐđČčĆćŽž]+([ ][A-Za-zŠšĐđČčĆćŽž]+)*$'
    )
) ENABLE;
  ALTER TABLE "S19184"."CLAN" MODIFY ("CLAN_ID" NOT NULL ENABLE);
  ALTER TABLE "S19184"."CLAN" MODIFY ("BEND_ID" NOT NULL ENABLE);
  ALTER TABLE "S19184"."CLAN" MODIFY ("IME" NOT NULL ENABLE);
  ALTER TABLE "S19184"."CLAN" ADD CONSTRAINT "CLAN_PK" PRIMARY KEY ("CLAN_ID")
  USING INDEX PCTFREE 10 INITRANS 2 MAXTRANS 255 COMPUTE STATISTICS 
  STORAGE(INITIAL 65536 NEXT 1048576 MINEXTENTS 1 MAXEXTENTS 2147483645
  PCTINCREASE 0 FREELISTS 1 FREELIST GROUPS 1
  BUFFER_POOL DEFAULT FLASH_CACHE DEFAULT CELL_FLASH_CACHE DEFAULT)
  TABLESPACE "STUDENTS"  ENABLE;
  ALTER TABLE "S19184"."CLAN" MODIFY ("ULOGA" NOT NULL ENABLE);
--------------------------------------------------------
--  Constraints for Table DOGADJAJ
--------------------------------------------------------

  ALTER TABLE "S19184"."DOGADJAJ" ADD CONSTRAINT "CHK_DOGADJAJ_NAZIV" CHECK (
    LENGTH(TRIM(NAZIV)) > 0 
    AND REGEXP_LIKE(
        TRIM(NAZIV),
        '^[A-Za-z0-9čćšđžČĆŠĐŽ \-]+$'
    )
) ENABLE;
  ALTER TABLE "S19184"."DOGADJAJ" ADD CONSTRAINT "CHK_DOGADJAJ_OPIS" CHECK (
    OPIS IS NULL OR REGEXP_LIKE(TRIM(OPIS), '^[A-Za-zčćšđžČĆŠĐŽ]+([ ][A-Za-zčćšđžČĆŠĐŽ]+)*$')
) ENABLE;
  ALTER TABLE "S19184"."DOGADJAJ" ADD CONSTRAINT "PK_DOGADJAJ" PRIMARY KEY ("ID")
  USING INDEX PCTFREE 10 INITRANS 2 MAXTRANS 255 COMPUTE STATISTICS 
  STORAGE(INITIAL 65536 NEXT 1048576 MINEXTENTS 1 MAXEXTENTS 2147483645
  PCTINCREASE 0 FREELISTS 1 FREELIST GROUPS 1
  BUFFER_POOL DEFAULT FLASH_CACHE DEFAULT CELL_FLASH_CACHE DEFAULT)
  TABLESPACE "STUDENTS"  ENABLE;
  ALTER TABLE "S19184"."DOGADJAJ" MODIFY ("LOKACIJA_ID" NOT NULL ENABLE);
  ALTER TABLE "S19184"."DOGADJAJ" MODIFY ("DATUM_VREME_KRAJA" NOT NULL ENABLE);
  ALTER TABLE "S19184"."DOGADJAJ" MODIFY ("DATUM_VREME_POCETKA" NOT NULL ENABLE);
  ALTER TABLE "S19184"."DOGADJAJ" MODIFY ("TIP" NOT NULL ENABLE);
  ALTER TABLE "S19184"."DOGADJAJ" MODIFY ("NAZIV" NOT NULL ENABLE);
  ALTER TABLE "S19184"."DOGADJAJ" ADD CONSTRAINT "UQ_DOGADJAJ_NAZIV_LOKACIJA" UNIQUE ("NAZIV", "DATUM_VREME_POCETKA", "LOKACIJA_ID")
  USING INDEX PCTFREE 10 INITRANS 2 MAXTRANS 255 COMPUTE STATISTICS 
  STORAGE(INITIAL 65536 NEXT 1048576 MINEXTENTS 1 MAXEXTENTS 2147483645
  PCTINCREASE 0 FREELISTS 1 FREELIST GROUPS 1
  BUFFER_POOL DEFAULT FLASH_CACHE DEFAULT CELL_FLASH_CACHE DEFAULT)
  TABLESPACE "STUDENTS"  ENABLE;
  ALTER TABLE "S19184"."DOGADJAJ" ADD CONSTRAINT "CHK_DOGADJAJ_TIP" CHECK ("TIP" IN ('Muzicki nastup', 'Radionica', 'Interaktivni sadrzaj', 'Drugi')) ENABLE;
  ALTER TABLE "S19184"."DOGADJAJ" ADD CONSTRAINT "CHK_DOGADJAJ_DATUMI" CHECK (DATUM_VREME_KRAJA > DATUM_VREME_POCETKA) ENABLE;
--------------------------------------------------------
--  Constraints for Table DOSTUPNOST_OPREME
--------------------------------------------------------

  ALTER TABLE "S19184"."DOSTUPNOST_OPREME" ADD CONSTRAINT "CHK_DOSTUPNOST_OPREME_NAZIV" CHECK (
    TRIM(NAZIV) IS NOT NULL
    AND LENGTH(TRIM(NAZIV)) > 0
    AND REGEXP_LIKE(
        NAZIV,
        '^[A-Za-zŠšĐđČčĆćŽž][A-Za-zŠšĐđČčĆćŽž0-9]*( [A-Za-zŠšĐđČčĆćŽž0-9]+)*$'
    )
) ENABLE;
  ALTER TABLE "S19184"."DOSTUPNOST_OPREME" MODIFY ("NAZIV" NOT NULL ENABLE);
  ALTER TABLE "S19184"."DOSTUPNOST_OPREME" MODIFY ("LOKACIJA_ID" NOT NULL ENABLE);
  ALTER TABLE "S19184"."DOSTUPNOST_OPREME" MODIFY ("ID" NOT NULL ENABLE);
  ALTER TABLE "S19184"."DOSTUPNOST_OPREME" ADD CONSTRAINT "DOSTUPNOST_OPREME_PK" PRIMARY KEY ("ID")
  USING INDEX PCTFREE 10 INITRANS 2 MAXTRANS 255 COMPUTE STATISTICS 
  STORAGE(INITIAL 65536 NEXT 1048576 MINEXTENTS 1 MAXEXTENTS 2147483645
  PCTINCREASE 0 FREELISTS 1 FREELIST GROUPS 1
  BUFFER_POOL DEFAULT FLASH_CACHE DEFAULT CELL_FLASH_CACHE DEFAULT)
  TABLESPACE "STUDENTS"  ENABLE;
--------------------------------------------------------
--  Constraints for Table GRUPA
--------------------------------------------------------

  ALTER TABLE "S19184"."GRUPA" ADD CONSTRAINT "CHK_GRUPA_NAZIV" CHECK (
    REGEXP_LIKE(TRIM("NAZIV"), '^[A-Za-zčćšđžČĆŠĐŽ0-9 ]+$')
    AND LENGTH(TRIM("NAZIV")) > 0
) ENABLE;
  ALTER TABLE "S19184"."GRUPA" ADD CONSTRAINT "UQ_GRUPA_NAZIV_AGENCIJA" UNIQUE ("NAZIV", "AGENCIJA_ORGANIZATOR_ID")
  USING INDEX PCTFREE 10 INITRANS 2 MAXTRANS 255 COMPUTE STATISTICS 
  STORAGE(INITIAL 65536 NEXT 1048576 MINEXTENTS 1 MAXEXTENTS 2147483645
  PCTINCREASE 0 FREELISTS 1 FREELIST GROUPS 1
  BUFFER_POOL DEFAULT FLASH_CACHE DEFAULT CELL_FLASH_CACHE DEFAULT)
  TABLESPACE "STUDENTS"  ENABLE;
  ALTER TABLE "S19184"."GRUPA" ADD CONSTRAINT "PK_GRUPA" PRIMARY KEY ("ID_GRUPE")
  USING INDEX PCTFREE 10 INITRANS 2 MAXTRANS 255 COMPUTE STATISTICS 
  STORAGE(INITIAL 65536 NEXT 1048576 MINEXTENTS 1 MAXEXTENTS 2147483645
  PCTINCREASE 0 FREELISTS 1 FREELIST GROUPS 1
  BUFFER_POOL DEFAULT FLASH_CACHE DEFAULT CELL_FLASH_CACHE DEFAULT)
  TABLESPACE "STUDENTS"  ENABLE;
  ALTER TABLE "S19184"."GRUPA" MODIFY ("AGENCIJA_ORGANIZATOR_ID" NOT NULL ENABLE);
  ALTER TABLE "S19184"."GRUPA" MODIFY ("NAZIV" NOT NULL ENABLE);
  ALTER TABLE "S19184"."GRUPA" MODIFY ("ID_GRUPE" NOT NULL ENABLE);
--------------------------------------------------------
--  Constraints for Table IZVODJAC
--------------------------------------------------------

  ALTER TABLE "S19184"."IZVODJAC" ADD CONSTRAINT "CHK_IZVODJAC_ZANR" CHECK (
    ZANR IS NULL OR (LENGTH(TRIM(ZANR)) > 0 AND REGEXP_LIKE("ZANR", '^[A-Za-zĆČŠĐŽćčšđž\s]+$'))
) ENABLE;
  ALTER TABLE "S19184"."IZVODJAC" ADD CONSTRAINT "CHK_IZVODJAC_DRZAVA" CHECK (
    LENGTH(TRIM(DRZAVA_POREKLA)) > 0 AND REGEXP_LIKE("DRZAVA_POREKLA", '^[A-Za-zĆČŠĐŽćčšđž\s]+$')
) ENABLE;
  ALTER TABLE "S19184"."IZVODJAC" ADD CONSTRAINT "CHK_IZVODJAC_KONTAKT_OSOBA" CHECK (KONTAKT_OSOBA IS NULL OR LENGTH(TRIM(KONTAKT_OSOBA)) > 0) ENABLE;
  ALTER TABLE "S19184"."IZVODJAC" ADD CONSTRAINT "CK_IZVODJAC_TIP" CHECK ("TIP_IZVODJACA" IN ('BEND', 'SOLO_UMETNIK')) ENABLE;
  ALTER TABLE "S19184"."IZVODJAC" ADD CONSTRAINT "CHK_IZVODJAC_EMAIL" CHECK (REGEXP_LIKE(EMAIL, '^[A-Za-z0-9._%+-]+@[A-Za-z0-9.-]+\.[A-Za-z]{2,}$')) ENABLE;
  ALTER TABLE "S19184"."IZVODJAC" ADD CONSTRAINT "UK_IZVODJAC_EMAIL" UNIQUE ("EMAIL")
  USING INDEX PCTFREE 10 INITRANS 2 MAXTRANS 255 COMPUTE STATISTICS 
  STORAGE(INITIAL 65536 NEXT 1048576 MINEXTENTS 1 MAXEXTENTS 2147483645
  PCTINCREASE 0 FREELISTS 1 FREELIST GROUPS 1
  BUFFER_POOL DEFAULT FLASH_CACHE DEFAULT CELL_FLASH_CACHE DEFAULT)
  TABLESPACE "STUDENTS"  ENABLE;
  ALTER TABLE "S19184"."IZVODJAC" ADD CONSTRAINT "UK_IZVODJAC_TELEFON" UNIQUE ("TELEFON")
  USING INDEX PCTFREE 10 INITRANS 2 MAXTRANS 255 COMPUTE STATISTICS 
  STORAGE(INITIAL 65536 NEXT 1048576 MINEXTENTS 1 MAXEXTENTS 2147483645
  PCTINCREASE 0 FREELISTS 1 FREELIST GROUPS 1
  BUFFER_POOL DEFAULT FLASH_CACHE DEFAULT CELL_FLASH_CACHE DEFAULT)
  TABLESPACE "STUDENTS"  ENABLE;
  ALTER TABLE "S19184"."IZVODJAC" ADD CONSTRAINT "CHK_IZVODJAC_TELEFON" CHECK (REGEXP_LIKE(TELEFON, '^[0-9]{10}$')) ENABLE;
  ALTER TABLE "S19184"."IZVODJAC" ADD CONSTRAINT "IZVODJAC_PK" PRIMARY KEY ("ID")
  USING INDEX PCTFREE 10 INITRANS 2 MAXTRANS 255 COMPUTE STATISTICS 
  STORAGE(INITIAL 65536 NEXT 1048576 MINEXTENTS 1 MAXEXTENTS 2147483645
  PCTINCREASE 0 FREELISTS 1 FREELIST GROUPS 1
  BUFFER_POOL DEFAULT FLASH_CACHE DEFAULT CELL_FLASH_CACHE DEFAULT)
  TABLESPACE "STUDENTS"  ENABLE;
  ALTER TABLE "S19184"."IZVODJAC" MODIFY ("TIP_IZVODJACA" NOT NULL ENABLE);
  ALTER TABLE "S19184"."IZVODJAC" MODIFY ("MENADZERSKA_AGENCIJA_ID" NOT NULL ENABLE);
  ALTER TABLE "S19184"."IZVODJAC" MODIFY ("DRZAVA_POREKLA" NOT NULL ENABLE);
  ALTER TABLE "S19184"."IZVODJAC" MODIFY ("IME" NOT NULL ENABLE);
  ALTER TABLE "S19184"."IZVODJAC" MODIFY ("EMAIL" NOT NULL ENABLE);
--------------------------------------------------------
--  Constraints for Table IZVODJAC_TEHNICKI_ZAHTEVI
--------------------------------------------------------

  ALTER TABLE "S19184"."IZVODJAC_TEHNICKI_ZAHTEVI" ADD CONSTRAINT "CHK_IZVODJAC_ZAHTEV" CHECK (
    ZAHTEV IS NOT NULL OR REGEXP_LIKE(TRIM(ZAHTEV), '^[A-Za-zčćšđžČĆŠĐŽ]+( [A-Za-zčćšđžČĆŠĐŽ]+)*$')
) ENABLE;
  ALTER TABLE "S19184"."IZVODJAC_TEHNICKI_ZAHTEVI" MODIFY ("ZAHTEV" NOT NULL ENABLE);
  ALTER TABLE "S19184"."IZVODJAC_TEHNICKI_ZAHTEVI" MODIFY ("IZVODJAC_ID" NOT NULL ENABLE);
--------------------------------------------------------
--  Constraints for Table JEDNODNEVNA
--------------------------------------------------------

  ALTER TABLE "S19184"."JEDNODNEVNA" ADD CONSTRAINT "PK_JEDNODNEVNA" PRIMARY KEY ("ID_ULAZNICE")
  USING INDEX PCTFREE 10 INITRANS 2 MAXTRANS 255 COMPUTE STATISTICS 
  STORAGE(INITIAL 65536 NEXT 1048576 MINEXTENTS 1 MAXEXTENTS 2147483645
  PCTINCREASE 0 FREELISTS 1 FREELIST GROUPS 1
  BUFFER_POOL DEFAULT FLASH_CACHE DEFAULT CELL_FLASH_CACHE DEFAULT)
  TABLESPACE "STUDENTS"  ENABLE;
  ALTER TABLE "S19184"."JEDNODNEVNA" MODIFY ("DAN_VAZENJA" NOT NULL ENABLE);
  ALTER TABLE "S19184"."JEDNODNEVNA" MODIFY ("ID_ULAZNICE" NOT NULL ENABLE);
--------------------------------------------------------
--  Constraints for Table KOMBINOVANA_LOKACIJA
--------------------------------------------------------

  ALTER TABLE "S19184"."KOMBINOVANA_LOKACIJA" MODIFY ("DOSTUPNOST_SEDENJA" NOT NULL ENABLE);
  ALTER TABLE "S19184"."KOMBINOVANA_LOKACIJA" MODIFY ("KLIMA" NOT NULL ENABLE);
  ALTER TABLE "S19184"."KOMBINOVANA_LOKACIJA" MODIFY ("TIP_PROSTORA" NOT NULL ENABLE);
  ALTER TABLE "S19184"."KOMBINOVANA_LOKACIJA" ADD CONSTRAINT "KOMBINOVANA_LOKACIJA_PK" PRIMARY KEY ("ID")
  USING INDEX PCTFREE 10 INITRANS 2 MAXTRANS 255 COMPUTE STATISTICS 
  STORAGE(INITIAL 65536 NEXT 1048576 MINEXTENTS 1 MAXEXTENTS 2147483645
  PCTINCREASE 0 FREELISTS 1 FREELIST GROUPS 1
  BUFFER_POOL DEFAULT FLASH_CACHE DEFAULT CELL_FLASH_CACHE DEFAULT)
  TABLESPACE "STUDENTS"  ENABLE;
  ALTER TABLE "S19184"."KOMBINOVANA_LOKACIJA" MODIFY ("ID" NOT NULL ENABLE);
--------------------------------------------------------
--  Constraints for Table KONTAKT_PODACI_MENADZERSKE
--------------------------------------------------------

  ALTER TABLE "S19184"."KONTAKT_PODACI_MENADZERSKE" ADD CONSTRAINT "CHK_TELEFON_EMAIL" CHECK (
    LENGTH(TRIM(VREDNOST)) > 0 
    AND (
        (TIP_KONTAKTA = 'TELEFON' AND REGEXP_LIKE(TRIM(VREDNOST), '^[0-9]{10}$'))
        OR
        (TIP_KONTAKTA = 'EMAIL' AND REGEXP_LIKE(TRIM(VREDNOST), '^[A-Za-z0-9._%+-]+@[A-Za-z0-9.-]+\.[A-Za-z]{2,}$'))
    )
) ENABLE;
  ALTER TABLE "S19184"."KONTAKT_PODACI_MENADZERSKE" ADD CONSTRAINT "KONTAKT_PODACI_MENADZERSKE_PK" PRIMARY KEY ("ID")
  USING INDEX PCTFREE 10 INITRANS 2 MAXTRANS 255 COMPUTE STATISTICS 
  STORAGE(INITIAL 65536 NEXT 1048576 MINEXTENTS 1 MAXEXTENTS 2147483645
  PCTINCREASE 0 FREELISTS 1 FREELIST GROUPS 1
  BUFFER_POOL DEFAULT FLASH_CACHE DEFAULT CELL_FLASH_CACHE DEFAULT)
  TABLESPACE "STUDENTS"  ENABLE;
  ALTER TABLE "S19184"."KONTAKT_PODACI_MENADZERSKE" MODIFY ("TIP_KONTAKTA" NOT NULL ENABLE);
  ALTER TABLE "S19184"."KONTAKT_PODACI_MENADZERSKE" MODIFY ("VREDNOST" NOT NULL ENABLE);
  ALTER TABLE "S19184"."KONTAKT_PODACI_MENADZERSKE" MODIFY ("MENADZERSKA_AGENCIJA_ID" NOT NULL ENABLE);
  ALTER TABLE "S19184"."KONTAKT_PODACI_MENADZERSKE" ADD CONSTRAINT "CK_TIP_KONTAKTA" CHECK (TIP_KONTAKTA IN ('EMAIL','TELEFON')) ENABLE;
--------------------------------------------------------
--  Constraints for Table LOKACIJA
--------------------------------------------------------

  ALTER TABLE "S19184"."LOKACIJA" ADD CONSTRAINT "CHK_LOKACIJA_GPS_JEDNOSTAVNO" CHECK (
    LENGTH(TRIM(GPS_KOORDINATE)) > 0 AND
    REGEXP_LIKE(TRIM(GPS_KOORDINATE), '^-?\d+(\.\d*)?,\s*-?\d+(\.\d*)?$')
) ENABLE;
  ALTER TABLE "S19184"."LOKACIJA" ADD CONSTRAINT "CHK_LOKACIJA_NAZIV" CHECK (
    LENGTH(TRIM(NAZIV)) > 0 AND 
    REGEXP_LIKE(TRIM(NAZIV), '^[A-Za-zĆČŠĐŽćčšđž0-9]+(\s[A-Za-zĆČŠĐŽćčšđž0-9]+)?$')
  ) ENABLE;
  ALTER TABLE "S19184"."LOKACIJA" ADD CONSTRAINT "CHK_LOKACIJA_TIP" CHECK (
    LENGTH(TRIM(TIP_LOKACIJE)) > 0 AND
    TIP_LOKACIJE IN ('ZATVORENA', 'OTVORENA', 'KOMBINOVANA')
) ENABLE;
  ALTER TABLE "S19184"."LOKACIJA" ADD CONSTRAINT "LOKACIJA_PK" PRIMARY KEY ("ID")
  USING INDEX PCTFREE 10 INITRANS 2 MAXTRANS 255 COMPUTE STATISTICS 
  STORAGE(INITIAL 65536 NEXT 1048576 MINEXTENTS 1 MAXEXTENTS 2147483645
  PCTINCREASE 0 FREELISTS 1 FREELIST GROUPS 1
  BUFFER_POOL DEFAULT FLASH_CACHE DEFAULT CELL_FLASH_CACHE DEFAULT)
  TABLESPACE "STUDENTS"  ENABLE;
  ALTER TABLE "S19184"."LOKACIJA" MODIFY ("TIP_LOKACIJE" NOT NULL ENABLE);
  ALTER TABLE "S19184"."LOKACIJA" MODIFY ("MAX_KAPACITET" NOT NULL ENABLE);
  ALTER TABLE "S19184"."LOKACIJA" MODIFY ("NAZIV" NOT NULL ENABLE);
  ALTER TABLE "S19184"."LOKACIJA" MODIFY ("GPS_KOORDINATE" NOT NULL ENABLE);
  ALTER TABLE "S19184"."LOKACIJA" ADD CONSTRAINT "CHK_LOKACIJA_MAX_KAPACITET" CHECK (MAX_KAPACITET > 0) ENABLE;
--------------------------------------------------------
--  Constraints for Table MENADZERSKA_AGENCIJA
--------------------------------------------------------

  ALTER TABLE "S19184"."MENADZERSKA_AGENCIJA" ADD CONSTRAINT "CK_MENADZERSKA_AGENCIJA_NAZIV" CHECK (
  LENGTH(TRIM(NAZIV)) > 0 AND
  REGEXP_LIKE(TRIM(NAZIV), '^[A-Za-zčćšđžČĆŠĐŽ0-9 .,&#-]+$')
) ENABLE;
  ALTER TABLE "S19184"."MENADZERSKA_AGENCIJA" ADD CONSTRAINT "UQ_MENADZERSKA_NAZIV_AG" UNIQUE ("NAZIV")
  USING INDEX PCTFREE 10 INITRANS 2 MAXTRANS 255 COMPUTE STATISTICS 
  STORAGE(INITIAL 65536 NEXT 1048576 MINEXTENTS 1 MAXEXTENTS 2147483645
  PCTINCREASE 0 FREELISTS 1 FREELIST GROUPS 1
  BUFFER_POOL DEFAULT FLASH_CACHE DEFAULT CELL_FLASH_CACHE DEFAULT)
  TABLESPACE "STUDENTS"  ENABLE;
  ALTER TABLE "S19184"."MENADZERSKA_AGENCIJA" ADD CONSTRAINT "CK_MENADZESKA_AGENCIJA_ADRESA" CHECK (
    LENGTH(TRIM(ADRESA)) > 0 AND
    REGEXP_LIKE(
        TRIM(ADRESA),
        '^([A-ZČĆŠĐŽ][a-zA-ZčćšđžČĆŠĐŽ\.\-]+(\s+[A-ZČĆŠĐŽ][a-zA-ZčćšđžČĆŠĐŽ\.\-]+)*)\s+[0-9]{1,4}[A-Za-z]?(\s*,\s*([A-ZČĆŠĐŽ][a-zA-ZčćšđžČĆŠĐŽ\.\-]+(\s+[A-ZČĆŠĐŽ][a-zA-ZčćšđžČĆŠĐŽ\.\-]+)*))?$'
    )
) ENABLE;
  ALTER TABLE "S19184"."MENADZERSKA_AGENCIJA" ADD CONSTRAINT "CK_M_AGENCIJA_KONTAKT_OSOBA" CHECK (
  LENGTH(TRIM(KONTAKT_OSOBA)) > 0 AND
  REGEXP_LIKE(
    TRIM(KONTAKT_OSOBA),
    '^[A-Za-zčćšđžČĆŠĐŽ ]+$'
  )
) ENABLE;
  ALTER TABLE "S19184"."MENADZERSKA_AGENCIJA" ADD CONSTRAINT "UQ_KONTAKT_OSOBA" UNIQUE ("KONTAKT_OSOBA")
  USING INDEX PCTFREE 10 INITRANS 2 MAXTRANS 255 COMPUTE STATISTICS 
  STORAGE(INITIAL 65536 NEXT 1048576 MINEXTENTS 1 MAXEXTENTS 2147483645
  PCTINCREASE 0 FREELISTS 1 FREELIST GROUPS 1
  BUFFER_POOL DEFAULT FLASH_CACHE DEFAULT CELL_FLASH_CACHE DEFAULT)
  TABLESPACE "STUDENTS"  ENABLE;
  ALTER TABLE "S19184"."MENADZERSKA_AGENCIJA" ADD CONSTRAINT "PK_MENADZERSKA_AGENCIJA" PRIMARY KEY ("ID")
  USING INDEX PCTFREE 10 INITRANS 2 MAXTRANS 255 COMPUTE STATISTICS 
  STORAGE(INITIAL 65536 NEXT 1048576 MINEXTENTS 1 MAXEXTENTS 2147483645
  PCTINCREASE 0 FREELISTS 1 FREELIST GROUPS 1
  BUFFER_POOL DEFAULT FLASH_CACHE DEFAULT CELL_FLASH_CACHE DEFAULT)
  TABLESPACE "STUDENTS"  ENABLE;
  ALTER TABLE "S19184"."MENADZERSKA_AGENCIJA" MODIFY ("KONTAKT_OSOBA" NOT NULL ENABLE);
  ALTER TABLE "S19184"."MENADZERSKA_AGENCIJA" MODIFY ("ADRESA" NOT NULL ENABLE);
  ALTER TABLE "S19184"."MENADZERSKA_AGENCIJA" MODIFY ("NAZIV" NOT NULL ENABLE);
  ALTER TABLE "S19184"."MENADZERSKA_AGENCIJA" MODIFY ("ID" NOT NULL ENABLE);
--------------------------------------------------------
--  Constraints for Table NASTUPA
--------------------------------------------------------

  ALTER TABLE "S19184"."NASTUPA" MODIFY ("IZVODJAC_ID" NOT NULL ENABLE);
  ALTER TABLE "S19184"."NASTUPA" MODIFY ("DOGADJAJ_ID" NOT NULL ENABLE);
--------------------------------------------------------
--  Constraints for Table OTVORENA_LOKACIJA
--------------------------------------------------------

  ALTER TABLE "S19184"."OTVORENA_LOKACIJA" ADD CONSTRAINT "OTVORENA_LOKACIJA_PK" PRIMARY KEY ("ID")
  USING INDEX PCTFREE 10 INITRANS 2 MAXTRANS 255 COMPUTE STATISTICS 
  STORAGE(INITIAL 65536 NEXT 1048576 MINEXTENTS 1 MAXEXTENTS 2147483645
  PCTINCREASE 0 FREELISTS 1 FREELIST GROUPS 1
  BUFFER_POOL DEFAULT FLASH_CACHE DEFAULT CELL_FLASH_CACHE DEFAULT)
  TABLESPACE "STUDENTS"  ENABLE;
  ALTER TABLE "S19184"."OTVORENA_LOKACIJA" MODIFY ("ID" NOT NULL ENABLE);
--------------------------------------------------------
--  Constraints for Table POSETILAC
--------------------------------------------------------

  ALTER TABLE "S19184"."POSETILAC" ADD CONSTRAINT "CHK_POSETILAC_TELEFON" CHECK (REGEXP_LIKE(TELEFON, '^[0-9]{10}$')) ENABLE;
  ALTER TABLE "S19184"."POSETILAC" ADD CONSTRAINT "CHK_POSETILAC_IME" CHECK (REGEXP_LIKE(IME, '^[A-Za-z ]+$')) ENABLE;
  ALTER TABLE "S19184"."POSETILAC" ADD CONSTRAINT "CHK_POSETILAC_EMAIL" CHECK (REGEXP_LIKE(EMAIL, '^[A-Za-z0-9._%+-]+@[A-Za-z0-9.-]+\.[A-Za-z]{2,}$')) ENABLE;
  ALTER TABLE "S19184"."POSETILAC" ADD CONSTRAINT "UK_POSETILAC_EMAIL" UNIQUE ("EMAIL")
  USING INDEX PCTFREE 10 INITRANS 2 MAXTRANS 255 COMPUTE STATISTICS 
  STORAGE(INITIAL 65536 NEXT 1048576 MINEXTENTS 1 MAXEXTENTS 2147483645
  PCTINCREASE 0 FREELISTS 1 FREELIST GROUPS 1
  BUFFER_POOL DEFAULT FLASH_CACHE DEFAULT CELL_FLASH_CACHE DEFAULT)
  TABLESPACE "STUDENTS"  ENABLE;
  ALTER TABLE "S19184"."POSETILAC" ADD CONSTRAINT "UK_POSETILAC_TELEFON" UNIQUE ("TELEFON")
  USING INDEX PCTFREE 10 INITRANS 2 MAXTRANS 255 COMPUTE STATISTICS 
  STORAGE(INITIAL 65536 NEXT 1048576 MINEXTENTS 1 MAXEXTENTS 2147483645
  PCTINCREASE 0 FREELISTS 1 FREELIST GROUPS 1
  BUFFER_POOL DEFAULT FLASH_CACHE DEFAULT CELL_FLASH_CACHE DEFAULT)
  TABLESPACE "STUDENTS"  ENABLE;
  ALTER TABLE "S19184"."POSETILAC" ADD CONSTRAINT "CHK_POSETILAC_PREZIME" CHECK (REGEXP_LIKE(PREZIME, '^[A-Za-z ]+$')) ENABLE;
  ALTER TABLE "S19184"."POSETILAC" ADD CONSTRAINT "PK_POSETILAC" PRIMARY KEY ("ID")
  USING INDEX PCTFREE 10 INITRANS 2 MAXTRANS 255 COMPUTE STATISTICS 
  STORAGE(INITIAL 65536 NEXT 1048576 MINEXTENTS 1 MAXEXTENTS 2147483645
  PCTINCREASE 0 FREELISTS 1 FREELIST GROUPS 1
  BUFFER_POOL DEFAULT FLASH_CACHE DEFAULT CELL_FLASH_CACHE DEFAULT)
  TABLESPACE "STUDENTS"  ENABLE;
  ALTER TABLE "S19184"."POSETILAC" MODIFY ("EMAIL" NOT NULL ENABLE);
  ALTER TABLE "S19184"."POSETILAC" MODIFY ("PREZIME" NOT NULL ENABLE);
  ALTER TABLE "S19184"."POSETILAC" MODIFY ("IME" NOT NULL ENABLE);
  ALTER TABLE "S19184"."POSETILAC" MODIFY ("ID" NOT NULL ENABLE);
--------------------------------------------------------
--  Constraints for Table SOLO_UMETNIK
--------------------------------------------------------

  ALTER TABLE "S19184"."SOLO_UMETNIK" ADD CONSTRAINT "CHK_SOLO_LOGIKA_INSTR" CHECK (
    (
        SVIRA_INSTRUMENT = 'DA' AND 
        LENGTH(TRIM(TIP_INSTRUMENTA)) > 0 AND -- Ne sme biti prazan string
        REGEXP_LIKE(TRIM(TIP_INSTRUMENTA), '^[A-Za-zĆČŠĐŽćčšđž\s]+$')
    ) OR
    (
        SVIRA_INSTRUMENT = 'NE' AND 
        TIP_INSTRUMENTA IS NULL
    )
) ENABLE;
  ALTER TABLE "S19184"."SOLO_UMETNIK" MODIFY ("SVIRA_INSTRUMENT" NOT NULL ENABLE);
  ALTER TABLE "S19184"."SOLO_UMETNIK" ADD CONSTRAINT "CHK_SOLO_SVIRA_INSTRUMENT" CHECK ("SVIRA_INSTRUMENT" IN ('DA', 'NE')) ENABLE;
  ALTER TABLE "S19184"."SOLO_UMETNIK" ADD CONSTRAINT "CHK_SOLO_TIP_INSTRUMENTA" CHECK (REGEXP_LIKE("TIP_INSTRUMENTA", '^[A-Za-zĆČŠĐŽćčšđž\s]+$')) ENABLE;
  ALTER TABLE "S19184"."SOLO_UMETNIK" ADD CONSTRAINT "PK_SOLO_UMETNIK" PRIMARY KEY ("ID")
  USING INDEX PCTFREE 10 INITRANS 2 MAXTRANS 255 COMPUTE STATISTICS 
  STORAGE(INITIAL 65536 NEXT 1048576 MINEXTENTS 1 MAXEXTENTS 2147483645
  PCTINCREASE 0 FREELISTS 1 FREELIST GROUPS 1
  BUFFER_POOL DEFAULT FLASH_CACHE DEFAULT CELL_FLASH_CACHE DEFAULT)
  TABLESPACE "STUDENTS"  ENABLE;
--------------------------------------------------------
--  Constraints for Table ULAZNICA
--------------------------------------------------------

  ALTER TABLE "S19184"."ULAZNICA" MODIFY ("KUPAC_ID" NOT NULL ENABLE);
  ALTER TABLE "S19184"."ULAZNICA" MODIFY ("TIP_ULAZNICE" NOT NULL ENABLE);
  ALTER TABLE "S19184"."ULAZNICA" MODIFY ("OSNOVNA_CENA" NOT NULL ENABLE);
  ALTER TABLE "S19184"."ULAZNICA" MODIFY ("DATUM_KUPOVINE" NOT NULL ENABLE);
  ALTER TABLE "S19184"."ULAZNICA" MODIFY ("DOGADJAJ_ID" NOT NULL ENABLE);
  ALTER TABLE "S19184"."ULAZNICA" MODIFY ("NACIN_PLACANJA" NOT NULL ENABLE);
  ALTER TABLE "S19184"."ULAZNICA" ADD CONSTRAINT "UK_ULAZNICA_POSETIOC" UNIQUE ("KUPAC_ID", "TIP_ULAZNICE")
  USING INDEX PCTFREE 10 INITRANS 2 MAXTRANS 255 COMPUTE STATISTICS 
  STORAGE(INITIAL 65536 NEXT 1048576 MINEXTENTS 1 MAXEXTENTS 2147483645
  PCTINCREASE 0 FREELISTS 1 FREELIST GROUPS 1
  BUFFER_POOL DEFAULT FLASH_CACHE DEFAULT CELL_FLASH_CACHE DEFAULT)
  TABLESPACE "STUDENTS"  ENABLE;
  ALTER TABLE "S19184"."ULAZNICA" ADD CONSTRAINT "CK_ULAZNICA_NACIN_PLACANJA" CHECK (NACIN_PLACANJA IN ('Gotovina', 'Kartica', 'Online')) ENABLE;
  ALTER TABLE "S19184"."ULAZNICA" ADD CONSTRAINT "ULAZNICA_PK" PRIMARY KEY ("ID_ULAZNICE")
  USING INDEX PCTFREE 10 INITRANS 2 MAXTRANS 255 COMPUTE STATISTICS 
  STORAGE(INITIAL 65536 NEXT 1048576 MINEXTENTS 1 MAXEXTENTS 2147483645
  PCTINCREASE 0 FREELISTS 1 FREELIST GROUPS 1
  BUFFER_POOL DEFAULT FLASH_CACHE DEFAULT CELL_FLASH_CACHE DEFAULT)
  TABLESPACE "STUDENTS"  ENABLE;
  ALTER TABLE "S19184"."ULAZNICA" ADD CONSTRAINT "CK_TIP_ULAZNICE" CHECK (TIP_ULAZNICE IN ('JEDNODNEVNA', 'VISEDNEVNA', 'VIP', 'AKREDITACIJA')) ENABLE;
  ALTER TABLE "S19184"."ULAZNICA" ADD CONSTRAINT "CK_ULAZNICA_CENA" CHECK (OSNOVNA_CENA >= 0) ENABLE;
--------------------------------------------------------
--  Constraints for Table VIP
--------------------------------------------------------

  ALTER TABLE "S19184"."VIP" ADD CONSTRAINT "PK_VIP" PRIMARY KEY ("ID_ULAZNICE")
  USING INDEX PCTFREE 10 INITRANS 2 MAXTRANS 255 COMPUTE STATISTICS 
  STORAGE(INITIAL 65536 NEXT 1048576 MINEXTENTS 1 MAXEXTENTS 2147483645
  PCTINCREASE 0 FREELISTS 1 FREELIST GROUPS 1
  BUFFER_POOL DEFAULT FLASH_CACHE DEFAULT CELL_FLASH_CACHE DEFAULT)
  TABLESPACE "STUDENTS"  ENABLE;
  ALTER TABLE "S19184"."VIP" MODIFY ("ID_ULAZNICE" NOT NULL ENABLE);
--------------------------------------------------------
--  Constraints for Table VIP_POGODNOSTI
--------------------------------------------------------

  ALTER TABLE "S19184"."VIP_POGODNOSTI" ADD CONSTRAINT "CHK_VIP_POGODNOST_NAZIV" CHECK (
    LENGTH(TRIM(POGODNOST)) > 0
    AND REGEXP_LIKE(TRIM(POGODNOST), '^[A-Za-z0-9ŠšĐđČčĆćŽž ,.\-]+$')
) ENABLE;
  ALTER TABLE "S19184"."VIP_POGODNOSTI" MODIFY ("POGODNOST" NOT NULL ENABLE);
  ALTER TABLE "S19184"."VIP_POGODNOSTI" MODIFY ("ID_ULAZNICE" NOT NULL ENABLE);
--------------------------------------------------------
--  Constraints for Table VISEDNEVNA
--------------------------------------------------------

  ALTER TABLE "S19184"."VISEDNEVNA" ADD CONSTRAINT "CHK_VISE_BROJ_DANA" CHECK (BROJ_DANA > 1) ENABLE;
  ALTER TABLE "S19184"."VISEDNEVNA" ADD CONSTRAINT "PK_VISEDNEVNA" PRIMARY KEY ("ID_ULAZNICE")
  USING INDEX PCTFREE 10 INITRANS 2 MAXTRANS 255 COMPUTE STATISTICS 
  STORAGE(INITIAL 65536 NEXT 1048576 MINEXTENTS 1 MAXEXTENTS 2147483645
  PCTINCREASE 0 FREELISTS 1 FREELIST GROUPS 1
  BUFFER_POOL DEFAULT FLASH_CACHE DEFAULT CELL_FLASH_CACHE DEFAULT)
  TABLESPACE "STUDENTS"  ENABLE;
  ALTER TABLE "S19184"."VISEDNEVNA" MODIFY ("BROJ_DANA" NOT NULL ENABLE);
  ALTER TABLE "S19184"."VISEDNEVNA" MODIFY ("ID_ULAZNICE" NOT NULL ENABLE);
--------------------------------------------------------
--  Constraints for Table VISEDNEVNA_DANI
--------------------------------------------------------

  ALTER TABLE "S19184"."VISEDNEVNA_DANI" MODIFY ("DAN_VAZENJA" NOT NULL ENABLE);
  ALTER TABLE "S19184"."VISEDNEVNA_DANI" MODIFY ("ID_ULAZNICE" NOT NULL ENABLE);
--------------------------------------------------------
--  Constraints for Table VOKALNE_SPOSOBNOSTI
--------------------------------------------------------

  ALTER TABLE "S19184"."VOKALNE_SPOSOBNOSTI" ADD CONSTRAINT "CHK_VOKALNI_NAZIV" CHECK (
    LENGTH(TRIM(NAZIV)) > 0 AND
    REGEXP_LIKE(TRIM(NAZIV), '^[A-Za-zĆČŠĐŽćčšđž\s]+$')
) ENABLE;
  ALTER TABLE "S19184"."VOKALNE_SPOSOBNOSTI" MODIFY ("NAZIV" NOT NULL ENABLE);
  ALTER TABLE "S19184"."VOKALNE_SPOSOBNOSTI" ADD CONSTRAINT "UQ_SOLOUMETNIK_NAZIV" UNIQUE ("ID_SOLOUMETNIK", "NAZIV")
  USING INDEX PCTFREE 10 INITRANS 2 MAXTRANS 255 COMPUTE STATISTICS 
  STORAGE(INITIAL 65536 NEXT 1048576 MINEXTENTS 1 MAXEXTENTS 2147483645
  PCTINCREASE 0 FREELISTS 1 FREELIST GROUPS 1
  BUFFER_POOL DEFAULT FLASH_CACHE DEFAULT CELL_FLASH_CACHE DEFAULT)
  TABLESPACE "STUDENTS"  ENABLE;
  ALTER TABLE "S19184"."VOKALNE_SPOSOBNOSTI" MODIFY ("ID_SOLOUMETNIK" NOT NULL ENABLE);
--------------------------------------------------------
--  Constraints for Table ZATVORENA_LOKACIJA
--------------------------------------------------------

  ALTER TABLE "S19184"."ZATVORENA_LOKACIJA" ADD CONSTRAINT "ZATVORENA_LOKACIJA_PK" PRIMARY KEY ("ID")
  USING INDEX (CREATE UNIQUE INDEX "S19184"."ZATVORENA_LOKACIJA_PK1" ON "S19184"."ZATVORENA_LOKACIJA" ("ID") 
  PCTFREE 10 INITRANS 2 MAXTRANS 255 COMPUTE STATISTICS 
  STORAGE(INITIAL 65536 NEXT 1048576 MINEXTENTS 1 MAXEXTENTS 2147483645
  PCTINCREASE 0 FREELISTS 1 FREELIST GROUPS 1
  BUFFER_POOL DEFAULT FLASH_CACHE DEFAULT CELL_FLASH_CACHE DEFAULT)
  TABLESPACE "STUDENTS" )  ENABLE;
  ALTER TABLE "S19184"."ZATVORENA_LOKACIJA" MODIFY ("ID" NOT NULL ENABLE);
  ALTER TABLE "S19184"."ZATVORENA_LOKACIJA" MODIFY ("DOSTUPNOST_SEDENJA" NOT NULL ENABLE);
  ALTER TABLE "S19184"."ZATVORENA_LOKACIJA" MODIFY ("KLIMA" NOT NULL ENABLE);
  ALTER TABLE "S19184"."ZATVORENA_LOKACIJA" MODIFY ("TIP_PROSTORA" NOT NULL ENABLE);
--------------------------------------------------------
--  Ref Constraints for Table AKREDITACIJA
--------------------------------------------------------

  ALTER TABLE "S19184"."AKREDITACIJA" ADD CONSTRAINT "AKREDITACIJA_FK1" FOREIGN KEY ("ID_ULAZNICE")
	  REFERENCES "S19184"."ULAZNICA" ("ID_ULAZNICE") ON DELETE CASCADE ENABLE;
--------------------------------------------------------
--  Ref Constraints for Table BEND
--------------------------------------------------------

  ALTER TABLE "S19184"."BEND" ADD CONSTRAINT "BEND_FK1" FOREIGN KEY ("ID")
	  REFERENCES "S19184"."IZVODJAC" ("ID") ON DELETE CASCADE ENABLE;
--------------------------------------------------------
--  Ref Constraints for Table CLAN
--------------------------------------------------------

  ALTER TABLE "S19184"."CLAN" ADD CONSTRAINT "FK_CLAN_BEND" FOREIGN KEY ("BEND_ID")
	  REFERENCES "S19184"."BEND" ("ID") ON DELETE CASCADE ENABLE;
--------------------------------------------------------
--  Ref Constraints for Table DOGADJAJ
--------------------------------------------------------

  ALTER TABLE "S19184"."DOGADJAJ" ADD CONSTRAINT "FK_DOGADJAJ_LOKACIJA" FOREIGN KEY ("LOKACIJA_ID")
	  REFERENCES "S19184"."LOKACIJA" ("ID") ON DELETE CASCADE ENABLE;
--------------------------------------------------------
--  Ref Constraints for Table DOSTUPNOST_OPREME
--------------------------------------------------------

  ALTER TABLE "S19184"."DOSTUPNOST_OPREME" ADD CONSTRAINT "DOSTUPNOST_OPREME_FK1" FOREIGN KEY ("LOKACIJA_ID")
	  REFERENCES "S19184"."LOKACIJA" ("ID") ON DELETE CASCADE ENABLE;
--------------------------------------------------------
--  Ref Constraints for Table GRUPA
--------------------------------------------------------

  ALTER TABLE "S19184"."GRUPA" ADD CONSTRAINT "FK_GRUPA_AGENCIJA_ORGANIZATOR" FOREIGN KEY ("AGENCIJA_ORGANIZATOR_ID")
	  REFERENCES "S19184"."AGENCIJA_ORGANIZATOR" ("ID") ON DELETE CASCADE ENABLE;
--------------------------------------------------------
--  Ref Constraints for Table IZVODJAC
--------------------------------------------------------

  ALTER TABLE "S19184"."IZVODJAC" ADD CONSTRAINT "FK_IZVODJAC_MENADZERSKA_A" FOREIGN KEY ("MENADZERSKA_AGENCIJA_ID")
	  REFERENCES "S19184"."MENADZERSKA_AGENCIJA" ("ID") ON DELETE CASCADE ENABLE;
--------------------------------------------------------
--  Ref Constraints for Table IZVODJAC_TEHNICKI_ZAHTEVI
--------------------------------------------------------

  ALTER TABLE "S19184"."IZVODJAC_TEHNICKI_ZAHTEVI" ADD CONSTRAINT "FK_IZVODJAC_ZAHTEVI" FOREIGN KEY ("IZVODJAC_ID")
	  REFERENCES "S19184"."IZVODJAC" ("ID") ON DELETE CASCADE ENABLE;
--------------------------------------------------------
--  Ref Constraints for Table JEDNODNEVNA
--------------------------------------------------------

  ALTER TABLE "S19184"."JEDNODNEVNA" ADD CONSTRAINT "JEDNODNEVNA_FK1" FOREIGN KEY ("ID_ULAZNICE")
	  REFERENCES "S19184"."ULAZNICA" ("ID_ULAZNICE") ON DELETE CASCADE ENABLE;
--------------------------------------------------------
--  Ref Constraints for Table KOMBINOVANA_LOKACIJA
--------------------------------------------------------

  ALTER TABLE "S19184"."KOMBINOVANA_LOKACIJA" ADD CONSTRAINT "KOMBINOVANA_LOKACIJA_FK1" FOREIGN KEY ("ID")
	  REFERENCES "S19184"."LOKACIJA" ("ID") ON DELETE CASCADE ENABLE;
--------------------------------------------------------
--  Ref Constraints for Table KONTAKT_PODACI_MENADZERSKE
--------------------------------------------------------

  ALTER TABLE "S19184"."KONTAKT_PODACI_MENADZERSKE" ADD CONSTRAINT "KONTKAT_PODACI_MENADZERSK_FK1" FOREIGN KEY ("MENADZERSKA_AGENCIJA_ID")
	  REFERENCES "S19184"."MENADZERSKA_AGENCIJA" ("ID") ON DELETE CASCADE ENABLE;
--------------------------------------------------------
--  Ref Constraints for Table NASTUPA
--------------------------------------------------------

  ALTER TABLE "S19184"."NASTUPA" ADD CONSTRAINT "FK_NASTUPA_DOGADJAJ" FOREIGN KEY ("DOGADJAJ_ID")
	  REFERENCES "S19184"."DOGADJAJ" ("ID") ON DELETE CASCADE ENABLE;
  ALTER TABLE "S19184"."NASTUPA" ADD CONSTRAINT "FK_NASTUPA_IZVODJAC" FOREIGN KEY ("IZVODJAC_ID")
	  REFERENCES "S19184"."IZVODJAC" ("ID") ENABLE;
--------------------------------------------------------
--  Ref Constraints for Table OTVORENA_LOKACIJA
--------------------------------------------------------

  ALTER TABLE "S19184"."OTVORENA_LOKACIJA" ADD CONSTRAINT "OTVORENA_LOKACIJA_FK1" FOREIGN KEY ("ID")
	  REFERENCES "S19184"."LOKACIJA" ("ID") ON DELETE CASCADE ENABLE;
--------------------------------------------------------
--  Ref Constraints for Table POSETILAC
--------------------------------------------------------

  ALTER TABLE "S19184"."POSETILAC" ADD CONSTRAINT "POSETILAC_FK2" FOREIGN KEY ("GRUPA_ID")
	  REFERENCES "S19184"."GRUPA" ("ID_GRUPE") ENABLE;
--------------------------------------------------------
--  Ref Constraints for Table SOLO_UMETNIK
--------------------------------------------------------

  ALTER TABLE "S19184"."SOLO_UMETNIK" ADD CONSTRAINT "SOLO_UMETNIK_FK1" FOREIGN KEY ("ID")
	  REFERENCES "S19184"."IZVODJAC" ("ID") ON DELETE CASCADE ENABLE;
--------------------------------------------------------
--  Ref Constraints for Table ULAZNICA
--------------------------------------------------------

  ALTER TABLE "S19184"."ULAZNICA" ADD CONSTRAINT "ULAZNICA_FK1" FOREIGN KEY ("DOGADJAJ_ID")
	  REFERENCES "S19184"."DOGADJAJ" ("ID") ON DELETE CASCADE ENABLE;
  ALTER TABLE "S19184"."ULAZNICA" ADD CONSTRAINT "ULAZNICA_FK2" FOREIGN KEY ("KUPAC_ID")
	  REFERENCES "S19184"."POSETILAC" ("ID") ON DELETE CASCADE ENABLE;
--------------------------------------------------------
--  Ref Constraints for Table VIP
--------------------------------------------------------

  ALTER TABLE "S19184"."VIP" ADD CONSTRAINT "VIP_FK1" FOREIGN KEY ("ID_ULAZNICE")
	  REFERENCES "S19184"."ULAZNICA" ("ID_ULAZNICE") ON DELETE CASCADE ENABLE;
--------------------------------------------------------
--  Ref Constraints for Table VIP_POGODNOSTI
--------------------------------------------------------

  ALTER TABLE "S19184"."VIP_POGODNOSTI" ADD CONSTRAINT "FK_VIP_POGODNOSTI_VIP" FOREIGN KEY ("ID_ULAZNICE")
	  REFERENCES "S19184"."VIP" ("ID_ULAZNICE") ON DELETE CASCADE ENABLE;
--------------------------------------------------------
--  Ref Constraints for Table VISEDNEVNA
--------------------------------------------------------

  ALTER TABLE "S19184"."VISEDNEVNA" ADD CONSTRAINT "VISEDNEVNA_FK1" FOREIGN KEY ("ID_ULAZNICE")
	  REFERENCES "S19184"."ULAZNICA" ("ID_ULAZNICE") ON DELETE CASCADE ENABLE;
--------------------------------------------------------
--  Ref Constraints for Table VISEDNEVNA_DANI
--------------------------------------------------------

  ALTER TABLE "S19184"."VISEDNEVNA_DANI" ADD CONSTRAINT "FK_VISEDNEVNA_DANI_ULAZNICA" FOREIGN KEY ("ID_ULAZNICE")
	  REFERENCES "S19184"."VISEDNEVNA" ("ID_ULAZNICE") ON DELETE CASCADE ENABLE;
--------------------------------------------------------
--  Ref Constraints for Table VOKALNE_SPOSOBNOSTI
--------------------------------------------------------

  ALTER TABLE "S19184"."VOKALNE_SPOSOBNOSTI" ADD CONSTRAINT "VOKALNE_SPOSOBNOSTI_FK1" FOREIGN KEY ("ID_SOLOUMETNIK")
	  REFERENCES "S19184"."SOLO_UMETNIK" ("ID") ON DELETE CASCADE ENABLE;
--------------------------------------------------------
--  Ref Constraints for Table ZATVORENA_LOKACIJA
--------------------------------------------------------

  ALTER TABLE "S19184"."ZATVORENA_LOKACIJA" ADD CONSTRAINT "ZATVORENA_LOKACIJA_FK1" FOREIGN KEY ("ID")
	  REFERENCES "S19184"."LOKACIJA" ("ID") ON DELETE CASCADE ENABLE;
